{"_wandb":{"runtime":25},"_step":0,"regret":1.4561882,"temperature":0.6318565970716812,"alpha":0.4973678274561788,"_timestamp":1.7430449318760543e+09,"_runtime":25.803836315}