{"_step":0,"_wandb":{"runtime":86},"regret":98.42514999999999,"alpha":0.4238051904927914,"epsilon":0.04733705185496427,"_timestamp":1.7431673307912185e+09,"_runtime":86.893995247}