{"_wandb":{"runtime":58},"_runtime":58.610575788,"_step":0,"regret":1.3836192,"temperature":0.5293369757681892,"alpha":0.3069001078741419,"_timestamp":1.7430976689945574e+09}