{"_timestamp":1.7430139795193374e+09,"_wandb":{"runtime":19},"_runtime":19.377146645,"_step":0,"mean_reward":0.7171763999999999,"epsilon":0.05,"alpha":0.1}