{"alpha":0.4960044422835867,"epsilon":0.14895026823898375,"_timestamp":1.7430797978226414e+09,"_runtime":39.897042255,"_step":0,"_wandb":{"runtime":39},"regret":107.11619999999999}