{"epsilon":0.09842756070510462,"_timestamp":1.743061476386229e+09,"_wandb":{"runtime":7},"_runtime":7.914746265,"_step":0,"regret":169.0004,"alpha":0.14798621470057355}