{"_timestamp":1.7430956569912343e+09,"_runtime":33.443875004,"_step":0,"_wandb":{"runtime":33},"regret":0.2259079999999999,"epsilon":0.036517499979421573,"alpha":0.2118109940614089}