{"_step":0,"_wandb":{"runtime":108},"regret":65.7379,"alpha":0.2649198660618193,"epsilon":0.13824212610975714,"_timestamp":1.7431650703055263e+09,"_runtime":108.815576191}