{"epsilon":0.05,"alpha":0.5,"_wandb":{"runtime":51},"_timestamp":1.7430109412759478e+09,"_runtime":51.147795529,"_step":0,"mean_reward":-328.703}