{"epsilon":0.1457268687417909,"_timestamp":1.7431639525591784e+09,"_runtime":96.452636115,"_wandb":{"runtime":96},"_step":0,"regret":85.58364999999999,"alpha":0.4979700792213906}