{"_runtime":190.413262468,"_step":0,"_wandb":{"runtime":190},"regret":83.1474,"temperature":0.12944968385235883,"alpha":0.29433016646969645,"_timestamp":1.743114514627461e+09}