{"_wandb":{"runtime":79},"_runtime":79.155510424,"_step":0,"regret":297.0986,"epsilon":0.14752141502352872,"alpha":0.10570654605518866,"_timestamp":1.7430515176107922e+09}