{"_runtime":37.678867318,"_step":0,"regret":1.5713318,"temperature":0.9173659243161084,"alpha":0.1110370856603677,"_wandb":{"runtime":37},"_timestamp":1.7430996474078407e+09}