{"alpha":0.4644603862750347,"_wandb":{"runtime":41},"epsilon":0.13975766619537405,"_timestamp":1.7430786651784105e+09,"_runtime":41.041355271,"_step":0,"regret":103.86370000000001}