{"_runtime":49.257776857,"_step":0,"_wandb":{"runtime":49},"regret":123.25999999999999,"epsilon":0.011031590662509753,"alpha":0.3709711442645983,"_timestamp":1.7430501533437297e+09}