{"_timestamp":1.7431724457797978e+09,"_runtime":90.830909371,"_step":0,"_wandb":{"runtime":90},"regret":148.4775,"alpha":0.34555666340450875,"temperature":0.9583406984105776}