{"_timestamp":1.743050209718825e+09,"_runtime":49.034244932,"_step":0,"regret":122.66340000000002,"_wandb":{"runtime":49},"epsilon":0.021451797313035332,"alpha":0.4108423405003755}