{"_wandb":{"runtime":92},"_timestamp":1.7431762268746886e+09,"_runtime":92.625825724,"_step":0,"regret":145.82639999999998,"alpha":0.4869500843319371,"temperature":0.7689784082147662}