{"regret":1.5728776,"temperature":0.97482289776347,"alpha":0.15699661243809376,"_wandb":{"runtime":17},"_timestamp":1.7430461988133912e+09,"_runtime":17.252136313,"_step":0}