{"_wandb":{"runtime":105},"regret":137.94834999999998,"alpha":0.3808835330881656,"temperature":1.0184782383695357,"_timestamp":1.7431719795704844e+09,"_runtime":105.913903721,"_step":0}