{"regret":70.16629999999998,"epsilon":0.03416661490065526,"alpha":0.4998858626451207,"_timestamp":1.7431111427029576e+09,"_runtime":78.61584041,"_step":0,"_wandb":{"runtime":78}}