{"_wandb":{"runtime":42},"regret":1.5886189000000002,"temperature":0.8135865326913333,"alpha":0.4255885026735664,"_timestamp":1.7430994336711175e+09,"_runtime":42.76736673,"_step":0}