{"regret":82.04565,"alpha":0.4937876402145769,"epsilon":0.1198954991151886,"_timestamp":1.7431640668410394e+09,"_runtime":100.327458125,"_step":0,"_wandb":{"runtime":100}}