{"_timestamp":1.7430779517918406e+09,"_wandb":{"runtime":16},"_runtime":16.842899423,"_step":0,"regret":164.77859999999998,"alpha":0.43532402013948257,"epsilon":0.013435910014198044}