{"_step":0,"regret":116.4224,"alpha":0.42843593694600635,"epsilon":0.07346979588403729,"_wandb":{"runtime":35},"_timestamp":1.7430798895891745e+09,"_runtime":35.772561821}