{"alpha":0.24258237945625785,"_timestamp":1.743046048222117e+09,"_runtime":29.270689869,"_step":0,"regret":1.3198699999999999,"_wandb":{"runtime":29},"temperature":0.5049644480741874}