{"_step":0,"_wandb":{"runtime":17},"mean_reward":0.5879169999999999,"epsilon":0.1,"alpha":0.5,"_timestamp":1.7430135268588035e+09,"_runtime":17.506075173}