{"_wandb":{"runtime":9},"_step":0,"regret":161.06040000000002,"alpha":0.3186009847452933,"epsilon":0.04140152918722073,"_timestamp":1.743061771801754e+09,"_runtime":9.283050176}