{"_step":0,"regret":70.48859999999996,"temperature":0.14571626680276217,"alpha":0.405940916827502,"_timestamp":1.7431155867802944e+09,"_wandb":{"runtime":181},"_runtime":181.595114906}