{"_runtime":46.043588726,"_step":0,"_wandb":{"runtime":46},"regret":148.76364999999998,"alpha":0.15379351619275994,"epsilon":0.04237651590690006,"_timestamp":1.7431635255651996e+09}