{"_timestamp":1.7431165487936559e+09,"_runtime":175.436444309,"_step":0,"_wandb":{"runtime":175},"regret":61.49349999999998,"temperature":0.1258684088630346,"alpha":0.4987634559124068}