{"epsilon":0.06301852963539231,"alpha":0.30076005817042084,"_timestamp":1.7430945816023066e+09,"_runtime":36.755806667,"_wandb":{"runtime":36},"_step":0,"regret":0.2928725000000001}