{"regret":0.2281453,"epsilon":0.019703375372695148,"alpha":0.227728536725322,"_timestamp":1.7430956169979503e+09,"_runtime":45.518913105,"_step":0,"_wandb":{"runtime":45}}