{"regret":178.1624,"alpha":0.32692364332458845,"_wandb":{"runtime":5},"epsilon":0.029435862323343907,"_timestamp":1.743061660838546e+09,"_runtime":5.962114816,"_step":0}