{"_timestamp":1.7430509885965009e+09,"_runtime":53.381710822,"_step":0,"_wandb":{"runtime":53},"regret":156.52540000000005,"epsilon":0.11811838257538264,"alpha":0.42245201078875705}