{"_wandb":{"runtime":181},"_runtime":181.105175802,"_step":0,"regret":70.01140000000004,"temperature":0.1035191071325108,"alpha":0.3868150639224356,"_timestamp":1.7431181623243833e+09}