{"_step":0,"_wandb":{"runtime":16},"regret":1.6541752,"temperature":1.2134691525421246,"alpha":0.3646789631639801,"_timestamp":1.7430459333175867e+09,"_runtime":16.780161123}