{"_wandb":{"runtime":19},"regret":0.30226759999999997,"epsilon":0.05188889135977986,"alpha":0.2724661634729968,"_timestamp":1.7430467212659116e+09,"_runtime":19.533641914,"_step":0}