{"_step":0,"regret":126.11959999999999,"_wandb":{"runtime":17},"alpha":0.4512259730911129,"epsilon":0.1296065291691147,"_timestamp":1.7430610060036135e+09,"_runtime":17.546422124}