{"_step":0,"regret":140.5041,"alpha":0.1033329409849228,"temperature":0.8157899198407957,"_wandb":{"runtime":101},"_timestamp":1.7431774341126282e+09,"_runtime":101.396257703}