{"temperature":0.8,"alpha":0.5,"_timestamp":1.7430042115229821e+09,"_runtime":158.577175426,"_step":0,"_wandb":{"runtime":158},"mean_reward":-471.72319999999996}