{"_timestamp":1.7430049015420322e+09,"_runtime":131.66096449,"_wandb":{"runtime":131},"_step":0,"mean_reward":-396.817,"temperature":0.5,"alpha":0.7}