{"_wandb":{"runtime":180},"alpha":0.47278605636695914,"_timestamp":1.7431159822492006e+09,"_runtime":180.422188,"_step":0,"regret":68.13490000000002,"temperature":0.11459744376786718}