{"_runtime":22.94550913,"_wandb":{"runtime":22},"_step":0,"regret":0.27937619999999996,"epsilon":0.031405510327331486,"alpha":0.1904937962474564,"_timestamp":1.7430470999630682e+09}