{"regret":0.2141171999999999,"epsilon":0.012728206415098486,"alpha":0.3925481085544597,"_timestamp":1.7430948707915738e+09,"_runtime":48.568820332,"_wandb":{"runtime":48},"_step":0}