{"_runtime":383.442553586,"_step":0,"_wandb":{"runtime":383},"regret":373.9988000000001,"temperature":0.8004868502238012,"alpha":0.1003263871486514,"_timestamp":1.7431191767296407e+09}