{"_wandb":{"runtime":52},"alpha":0.42047301093241374,"_timestamp":1.7430965958403497e+09,"_runtime":52.702597837,"_step":0,"regret":0.2779611999999999,"epsilon":0.021146945437304967}