{"_runtime":20.379050815,"_step":0,"mean_reward":0.5329226,"epsilon":0.1,"_wandb":{"runtime":20},"alpha":0.5,"_timestamp":1.7430156778987894e+09}