{"_runtime":20.229596168,"_step":0,"_wandb":{"runtime":20},"regret":1.3826932,"temperature":0.6026305018483183,"alpha":0.10266388688930644,"_timestamp":1.7430450288405151e+09}