{"_runtime":144.804136027,"_step":0,"_wandb":{"runtime":144},"regret":115.5466,"alpha":0.17162485928640914,"temperature":1.2098096173603212,"_timestamp":1.7431767110662436e+09}