{"regret":91.22359999999998,"temperature":0.26972183132323707,"alpha":0.320548494197337,"_timestamp":1.7431157956011486e+09,"_runtime":195.546679267,"_step":0,"_wandb":{"runtime":195}}