{"_wandb":{"runtime":113},"regret":135.0244,"temperature":0.11084525012052136,"alpha":0.4942694122497002,"_timestamp":1.743053411717537e+09,"_runtime":113.277621228,"_step":0}