{"_wandb":{"runtime":84},"regret":81.0412,"epsilon":0.07813142141963911,"alpha":0.2976991713576054,"_timestamp":1.743109858162458e+09,"_runtime":84.085957872,"_step":0}