{"regret":1.6252665,"_wandb":{"runtime":36},"temperature":1.014902931827156,"alpha":0.23960815177572625,"_timestamp":1.7430971958918023e+09,"_runtime":36.527120914,"_step":0}