{"alpha":0.4583120683145,"epsilon":0.10344391057975091,"_timestamp":1.7430616820930624e+09,"_runtime":16.725337004,"_step":0,"_wandb":{"runtime":16},"regret":123.90180000000001}