{"_timestamp":1.7431130085425727e+09,"_runtime":204.899689726,"_step":0,"regret":105.1452999999999,"temperature":0.12792117477955173,"alpha":0.21169579095079716,"_wandb":{"runtime":204}}