{"alpha":0.283130225944166,"_timestamp":1.7430977425943758e+09,"_runtime":59.341146435,"_step":0,"regret":1.3557171000000001,"_wandb":{"runtime":59},"temperature":0.5092612226361032}