{"_step":0,"regret":503.7135999999998,"temperature":1.4991229935475705,"alpha":0.4966925865342259,"_timestamp":1.7430544158303547e+09,"_wandb":{"runtime":231},"_runtime":231.585692611}