{"_step":0,"_wandb":{"runtime":102},"regret":77.93275,"alpha":0.3312965655334543,"epsilon":0.12616974116912685,"_timestamp":1.7431681339616683e+09,"_runtime":102.16448368}