{"epsilon":0.06135207167116506,"alpha":0.2630389507381361,"_timestamp":1.7430946666821618e+09,"_runtime":35.188394607,"_step":0,"regret":0.2926377,"_wandb":{"runtime":35}}