{"_timestamp":1.7430479471021552e+09,"_runtime":17.462257982,"_wandb":{"runtime":17},"_step":0,"regret":0.33781000000000005,"epsilon":0.07889102747749999,"alpha":0.26574842158633044}