{"_timestamp":1.7431104690828896e+09,"_wandb":{"runtime":83},"_runtime":82.990665495,"_step":0,"regret":80.53429999999997,"epsilon":0.0908093704138552,"alpha":0.3955588497145083}