{"_step":0,"_wandb":{"runtime":22},"regret":149.6807,"alpha":0.3910730618392747,"epsilon":0.02156448549934194,"_timestamp":1.7430789608323302e+09,"_runtime":22.584094274999998}