{"_runtime":16.468866867,"_step":0,"_wandb":{"runtime":16},"regret":1.6139234,"temperature":1.0961749629321278,"alpha":0.18981231635076912,"_timestamp":1.743045751055659e+09}