{"_step":0,"_wandb":{"runtime":37},"regret":112.4556,"alpha":0.4014971431208671,"epsilon":0.11291246481332252,"_timestamp":1.7430793748637886e+09,"_runtime":37.445201736}