{"_timestamp":1.743044542714908e+09,"_runtime":18.133795181,"_step":0,"regret":1.6036153999999998,"temperature":0.9693070636009188,"_wandb":{"runtime":18},"alpha":0.2689747081084154}