{"_runtime":16.31165874,"_step":0,"regret":126.2286,"alpha":0.4179361878311389,"epsilon":0.14862787924143123,"_timestamp":1.7430611431017532e+09,"_wandb":{"runtime":16}}