{"_wandb":{"runtime":60},"regret":168.65320000000003,"epsilon":0.1483465630858962,"alpha":0.4083101778812236,"_timestamp":1.7430513017452931e+09,"_runtime":60.101996095,"_step":0}