{"_timestamp":1.7430988381877942e+09,"_runtime":40.177349631,"_step":0,"_wandb":{"runtime":40},"regret":1.4805725,"temperature":0.7398715046940757,"alpha":0.10109367372717593}