{"_step":0,"_wandb":{"runtime":16},"regret":124.9272,"alpha":0.46798835361808455,"epsilon":0.1017969014429638,"_timestamp":1.7430615053308322e+09,"_runtime":16.3529762}