{"_step":0,"_wandb":{"runtime":88},"regret":148.52915,"alpha":0.18140614353973208,"temperature":0.3841902507137571,"_timestamp":1.74317311899797e+09,"_runtime":88.566018219}