{"mean_reward":-546.2158000000001,"temperature":1,"alpha":0.7,"_timestamp":1.7430052680079215e+09,"_runtime":188.050504006,"_step":0,"_wandb":{"runtime":188}}