{"_step":0,"_wandb":{"runtime":20},"mean_reward":0.6725802000000001,"epsilon":0.05,"alpha":0.3,"_timestamp":1.7430155238577638e+09,"_runtime":20.289611971}