{"alpha":0.1089260533999834,"_timestamp":1.7430980071449196e+09,"_wandb":{"runtime":54},"_runtime":54.071721382,"_step":0,"regret":1.3257647000000001,"temperature":0.5195437680407169}