{"_step":0,"_wandb":{"runtime":23},"regret":1.4041432,"temperature":0.6035010783360357,"alpha":0.17245467193477487,"_timestamp":1.7430453207291389e+09,"_runtime":23.719269722}