{"_runtime":22.581425427,"_step":0,"_wandb":{"runtime":22},"regret":1.5402838,"temperature":0.7557996052005286,"alpha":0.4045102983519696,"_timestamp":1.7430450897976816e+09}