{"_timestamp":1.7430154596605344e+09,"_runtime":14.479647581,"_step":0,"mean_reward":0.5562870000000001,"epsilon":0.15,"_wandb":{"runtime":14},"alpha":0.15}