{"regret":124.03410000000001,"alpha":0.40597330999234627,"temperature":1.4406284370754672,"_timestamp":1.7431751225730534e+09,"_runtime":130.250746284,"_step":0,"_wandb":{"runtime":130}}