{"_step":0,"_wandb":{"runtime":100},"regret":141.5674,"alpha":0.4437052115527398,"temperature":1.303229917277686,"_timestamp":1.743175711701624e+09,"_runtime":100.461242631}