{"_runtime":174.885194289,"_step":0,"regret":60.04690000000005,"temperature":0.1007529990850412,"alpha":0.4770585939238017,"_timestamp":1.7431137482410007e+09,"_wandb":{"runtime":174}}