{"epsilon":0.011189254774245727,"alpha":0.33422267972846853,"_timestamp":1.743108711595128e+09,"_runtime":76.712643555,"_step":0,"_wandb":{"runtime":76},"regret":60.30970000000002}