{"_wandb":{"runtime":111},"regret":137.11440000000002,"alpha":0.4230119261098916,"temperature":0.7126170044675403,"_timestamp":1.743175828601609e+09,"_runtime":111.193223903,"_step":0}