{"_runtime":60.699917552,"_step":0,"regret":1.3408055,"temperature":0.5051122470445946,"alpha":0.22321897544141295,"_timestamp":1.743097812712265e+09,"_wandb":{"runtime":60}}