{"_timestamp":1.7430108856233788e+09,"_runtime":51.816594474,"_step":0,"_wandb":{"runtime":51},"mean_reward":-316.89639999999997,"epsilon":0.01,"alpha":0.5}