{"_runtime":73.968494489,"_step":0,"_wandb":{"runtime":74},"regret":57.8048,"epsilon":0.010334714403440193,"alpha":0.457555284734506,"_timestamp":1.743108274723816e+09}