{"_wandb":{"runtime":182},"mean_reward":-540.6566,"temperature":1,"alpha":0.5,"_timestamp":1.7430043999409235e+09,"_runtime":182.265337153,"_step":0}