{"_timestamp":1.7430608824728858e+09,"_runtime":12.412897478,"_step":0,"_wandb":{"runtime":12},"regret":147.9152,"alpha":0.4970321966271396,"epsilon":0.05766676972377126}