{"alpha":0.3968699809422257,"_timestamp":1.7431108065171607e+09,"_runtime":77.42366752,"_step":0,"_wandb":{"runtime":77},"regret":56.908000000000015,"epsilon":0.01610803646943391}