{"regret":1.6149580000000001,"_wandb":{"runtime":18},"temperature":0.9568530327534308,"alpha":0.4987363334576659,"_timestamp":1.7430452623497472e+09,"_runtime":18.786210728,"_step":0}