{"_step":0,"regret":0.2799486000000001,"epsilon":0.027277193350016812,"alpha":0.27698951376017933,"_timestamp":1.743047445753383e+09,"_wandb":{"runtime":24},"_runtime":24.545523589}