{"_step":0,"_wandb":{"runtime":46},"regret":116.89120000000003,"epsilon":0.011471211700369582,"alpha":0.4245981844078285,"_timestamp":1.743049821482144e+09,"_runtime":46.977221239}