{"_step":0,"regret":69.45969999999994,"temperature":0.10338697513260647,"alpha":0.41628434102801226,"_timestamp":1.7431163650755095e+09,"_runtime":182.287930327,"_wandb":{"runtime":182}}