{"_timestamp":1.7430447033466394e+09,"_runtime":29.396587913,"_step":0,"regret":1.3468972,"temperature":0.5217808540330564,"_wandb":{"runtime":29},"alpha":0.2654833392574931}