{"regret":0.1989569,"_wandb":{"runtime":38},"epsilon":0.02479108922957494,"alpha":0.21069751403138465,"_timestamp":1.7430955104734097e+09,"_runtime":38.954071797,"_step":0}