{"_step":0,"regret":0.4057474,"_wandb":{"runtime":16},"epsilon":0.10962288300266294,"alpha":0.25007468088582746,"_timestamp":1.7430480255668297e+09,"_runtime":16.185099742}