{"alpha":0.3387324228771178,"_wandb":{"runtime":38},"epsilon":0.0991511391825998,"_timestamp":1.7430790830369828e+09,"_runtime":38.778683287,"_step":0,"regret":109.982}