{"_runtime":17.041914321,"_step":0,"_wandb":{"runtime":17},"regret":128.265,"alpha":0.4106843514143178,"epsilon":0.11754718235761712,"_timestamp":1.7430609243598359e+09}