{"_timestamp":1.7431205439328454e+09,"_runtime":299.251867703,"_step":0,"regret":250.59689999999995,"temperature":0.962235836121342,"_wandb":{"runtime":299},"alpha":0.31555497909591457}