{"_timestamp":1.7430535279293756e+09,"_runtime":111.506446069,"_step":0,"regret":140.675,"temperature":0.104381434955732,"_wandb":{"runtime":111},"alpha":0.42638360905165473}