{"epsilon":0.035045368175015586,"_timestamp":1.743167066448513e+09,"_runtime":75.49371005,"_step":0,"regret":110.895,"_wandb":{"runtime":75},"alpha":0.4791670892050255}