{"epsilon":0.11246044057209456,"alpha":0.3531492788433118,"_timestamp":1.7430478501321242e+09,"_runtime":16.440232167,"_wandb":{"runtime":16},"_step":0,"regret":0.4133894}