{"epsilon":0.07081088267836114,"alpha":0.4331314537996245,"_timestamp":1.7431114091806333e+09,"_runtime":85.560695062,"_step":0,"regret":80.99009999999998,"_wandb":{"runtime":85}}