{"alpha":0.40669424791493447,"_timestamp":1.7431108895188642e+09,"_runtime":75.930015626,"_step":0,"_wandb":{"runtime":75},"regret":58.0129,"epsilon":0.01484694645776334}