{"_timestamp":1.7430494938040476e+09,"_wandb":{"runtime":51},"_runtime":51.891339652,"_step":0,"regret":147.79000000000002,"epsilon":0.0497395333689279,"alpha":0.3136048821489179}