{"_step":0,"regret":153.18280000000004,"_wandb":{"runtime":114},"temperature":0.2857195112508478,"alpha":0.4467177286000098,"_timestamp":1.7430564956236188e+09,"_runtime":114.496782585}