{"regret":107.99195,"alpha":0.1529408858349094,"temperature":1.0027849105799318,"_timestamp":1.7431721464385786e+09,"_runtime":161.214027881,"_step":0,"_wandb":{"runtime":161}}