{"alpha":0.1,"_timestamp":1.743010646043781e+09,"_runtime":79.64826771,"_step":0,"mean_reward":-500.8138,"epsilon":0.1,"_wandb":{"runtime":79}}