{"_timestamp":1.743057237949587e+09,"_runtime":109.860371614,"_step":0,"_wandb":{"runtime":109},"regret":137.30040000000002,"temperature":0.1367851141542174,"alpha":0.4698171780006361}