{"_wandb":{"runtime":233},"regret":148.08300000000003,"temperature":0.5998753066832925,"alpha":0.3405141119681595,"_timestamp":1.7431167864451675e+09,"_runtime":233.575017847,"_step":0}