{"_step":0,"_wandb":{"runtime":181},"regret":69.14949999999999,"temperature":0.15472653952491308,"alpha":0.49447791723174095,"_timestamp":1.74312023156189e+09,"_runtime":181.005895689}