{"alpha":0.3380175867512716,"temperature":0.8778124219113644,"_timestamp":1.7431748901346877e+09,"_runtime":92.805994289,"_wandb":{"runtime":92},"_step":0,"regret":146.56295}