{"_step":0,"regret":73.01975,"alpha":0.26385779693595646,"epsilon":0.14034102169477927,"_wandb":{"runtime":106},"_timestamp":1.7431669863466814e+09,"_runtime":106.4386652}