{"_runtime":47.796944487,"_step":0,"regret":116.2756,"_wandb":{"runtime":47},"epsilon":0.01425084680986807,"alpha":0.4961000940622522,"_timestamp":1.7430499742275019e+09}