{"regret":1.2890781,"temperature":0.5038893510893365,"alpha":0.10039609711811429,"_timestamp":1.7430985404752467e+09,"_wandb":{"runtime":55},"_runtime":55.700646615,"_step":0}