{"_step":0,"regret":0.30232439999999994,"epsilon":0.03136922940328218,"alpha":0.2504226662563519,"_wandb":{"runtime":24},"_timestamp":1.7430471930602262e+09,"_runtime":24.558060304}