{"alpha":0.22444459112766757,"_timestamp":1.7430475531872518e+09,"_runtime":18.821435095,"_step":0,"regret":0.2883108,"_wandb":{"runtime":18},"epsilon":0.04834733952029765}