{"regret":73.83675,"alpha":0.26481697503604074,"epsilon":0.14561438064312585,"_timestamp":1.743165293333517e+09,"_wandb":{"runtime":103},"_runtime":103.228855862,"_step":0}