{"epsilon":0.15,"alpha":0.5,"_timestamp":1.7430157044242594e+09,"_runtime":18.94221174,"_wandb":{"runtime":18},"_step":0,"mean_reward":0.4084752}