{"_wandb":{"runtime":38},"_step":0,"regret":0.19997450000000005,"epsilon":0.02271341125816041,"alpha":0.12800906759240346,"_timestamp":1.7430960562681777e+09,"_runtime":38.412468603}