{"epsilon":0.055341750717050345,"_timestamp":1.7430792192239854e+09,"_runtime":27.790259949,"_step":0,"regret":136.6137,"alpha":0.2562744165392902,"_wandb":{"runtime":27}}