{"temperature":0.953714755422453,"alpha":0.1284437248411567,"_wandb":{"runtime":36},"_timestamp":1.7430972907502823e+09,"_runtime":36.033696009,"_step":0,"regret":1.5876697000000002}