{"regret":113.15820000000001,"alpha":0.3357524188440687,"epsilon":0.09456529167180254,"_timestamp":1.7430787572290509e+09,"_runtime":37.540092683,"_step":0,"_wandb":{"runtime":37}}