{"regret":0.35980999999999996,"epsilon":0.07269865297115197,"alpha":0.289618501963243,"_timestamp":1.7430465931054883e+09,"_runtime":19.8802859,"_step":0,"_wandb":{"runtime":19}}