{"_timestamp":1.7430612579714785e+09,"_runtime":13.734050782,"_step":0,"_wandb":{"runtime":13},"regret":141.6248,"alpha":0.42053340311955045,"epsilon":0.09127881488087938}