{"epsilon":0.03605478462636894,"alpha":0.45420190919406433,"_timestamp":1.7431100269274232e+09,"_runtime":77.535810843,"_wandb":{"runtime":77},"_step":0,"regret":65.7484}