{"_wandb":{"runtime":88},"alpha":0.17698439464682145,"epsilon":0.12500380131041744,"_timestamp":1.7431663026763592e+09,"_runtime":88.556029761,"_step":0,"regret":92.483}