{"_runtime":56.503455698,"_step":0,"regret":133.05085,"alpha":0.3960923498587619,"_wandb":{"runtime":56},"epsilon":0.014590570917709976,"_timestamp":1.743166206395396e+09}