{"epsilon":0.010386366251227635,"alpha":0.27025539121876974,"_timestamp":1.7430951563392565e+09,"_runtime":52.041206874,"_step":0,"regret":0.2227435000000001,"_wandb":{"runtime":52}}