{"_runtime":113.391252004,"_step":0,"_wandb":{"runtime":113},"regret":143.11159999999995,"temperature":0.18481027797402588,"alpha":0.4316130929246026,"_timestamp":1.7430571200735795e+09}