{"alpha":0.10090868750791453,"_timestamp":1.7430950465104768e+09,"_runtime":47.568850348,"_step":0,"regret":0.21306989999999992,"_wandb":{"runtime":47},"epsilon":0.01421778014664462}