{"_runtime":25.326520256,"_step":0,"regret":1.3721632,"temperature":0.5755759892900785,"_wandb":{"runtime":25},"alpha":0.21521590226421275,"_timestamp":1.743045909050925e+09}