{"_runtime":15.000319223,"_step":0,"regret":135.9486,"alpha":0.2945940194420087,"_wandb":{"runtime":15},"epsilon":0.12095591721704552,"_timestamp":1.7430609609784892e+09}