{"mean_reward":-433.23,"temperature":0.5,"_wandb":{"runtime":148},"alpha":0.9,"_timestamp":1.7430057263976142e+09,"_runtime":148.375582087,"_step":0}