{"regret":0.2653748,"epsilon":0.025291866285391443,"alpha":0.2987508348568889,"_timestamp":1.7430469658506222e+09,"_runtime":21.960310392,"_step":0,"_wandb":{"runtime":21}}