{"_wandb":{"runtime":52},"temperature":0.6019213193926347,"alpha":0.3784058267099736,"_timestamp":1.7430975357605376e+09,"_runtime":52.371378352,"_step":0,"regret":1.4729425}