{"_step":0,"_wandb":{"runtime":18},"regret":1.6684657999999999,"temperature":1.3424669436723735,"alpha":0.45293970778353865,"_timestamp":1.7430444728253744e+09,"_runtime":18.062039318}