{"temperature":0.5025523494805245,"alpha":0.1065173690805573,"_timestamp":1.7430990197695706e+09,"_runtime":57.264023563,"_step":0,"_wandb":{"runtime":57},"regret":1.2736797}