{"regret":108.4037,"alpha":0.30291926006351205,"epsilon":0.09785711353537864,"_timestamp":1.743078588643049e+09,"_runtime":39.288937766,"_step":0,"_wandb":{"runtime":39}}