{"regret":76.39245000000001,"alpha":0.20487774282469357,"epsilon":0.09404312092299932,"_timestamp":1.7431659114129033e+09,"_wandb":{"runtime":99},"_runtime":99.941367981,"_step":0}