{"_step":0,"_wandb":{"runtime":36},"regret":1.6451438,"temperature":1.108598924539097,"alpha":0.3560288701651104,"_timestamp":1.7430997268176863e+09,"_runtime":36.183400022}