{"_wandb":{"runtime":102},"_timestamp":1.7431775430665026e+09,"_runtime":102.446308637,"_step":0,"regret":140.70785,"alpha":0.1214783521386083,"temperature":1.0640471877133626}