{"_wandb":{"runtime":39},"_step":0,"regret":1.5934678,"temperature":0.874641468268282,"alpha":0.24215644391832872,"_timestamp":1.7430991141744397e+09,"_runtime":39.679767605}