{"_step":0,"_wandb":{"runtime":107},"regret":68.09644999999999,"alpha":0.24298715625542977,"epsilon":0.14851664406140197,"_timestamp":1.7431647308601701e+09,"_runtime":107.492428484}