{"_runtime":194.379469079,"_step":0,"regret":86.03815,"alpha":0.15243417954643387,"temperature":1.020740308849041,"_wandb":{"runtime":194},"_timestamp":1.7431723484688728e+09}