{"regret":0.24367280000000002,"epsilon":0.0300551331178936,"alpha":0.2679262327332549,"_timestamp":1.743047071349359e+09,"_runtime":20.468117795,"_wandb":{"runtime":20},"_step":0}