{"_step":0,"regret":109.6013,"alpha":0.43010469121536155,"_wandb":{"runtime":38},"epsilon":0.08468604251323408,"_timestamp":1.7430783005217083e+09,"_runtime":38.478988091}