{"epsilon":0.14988396635406706,"alpha":0.470418144875539,"_wandb":{"runtime":91},"_timestamp":1.7431077889130247e+09,"_runtime":91.732104241,"_step":0,"regret":115.41669999999993}