{"_step":0,"_wandb":{"runtime":16},"mean_reward":0.6305574,"epsilon":0.1,"alpha":0.1,"_timestamp":1.7430153243711872e+09,"_runtime":16.752206781}