{"epsilon":0.1,"alpha":0.3,"_timestamp":1.743013434828186e+09,"_runtime":16.446273938,"_step":0,"_wandb":{"runtime":16},"mean_reward":0.6314102}