{"alpha":0.20534854146712536,"epsilon":0.08208124586320308,"_timestamp":1.7431668717646577e+09,"_wandb":{"runtime":83},"_runtime":83.164820001,"_step":0,"regret":102.10764999999999}