{"epsilon":0.07026269190298798,"alpha":0.35700315400501903,"_timestamp":1.7431081955082045e+09,"_runtime":78.442538502,"_step":0,"_wandb":{"runtime":78},"regret":73.14689999999996}