{"_wandb":{"runtime":93},"_step":0,"regret":87.0474,"alpha":0.4938258459135963,"epsilon":0.12176910726343326,"_timestamp":1.7431660111739743e+09,"_runtime":93.16348133}