{"_runtime":59.859177523,"_step":0,"regret":198.72899999999998,"epsilon":0.1469550174939609,"alpha":0.2158184780619357,"_wandb":{"runtime":59},"_timestamp":1.7430493571422029e+09}