{"alpha":0.38458878864974966,"_timestamp":1.7430455665954998e+09,"_runtime":17.9180718,"_step":0,"_wandb":{"runtime":17},"regret":1.6202033999999998,"temperature":1.0375956554324417}