{"_timestamp":1.7430512372447796e+09,"_runtime":51.132666246,"_step":0,"_wandb":{"runtime":51},"regret":128.1542,"epsilon":0.03715964989068995,"alpha":0.4886019047260232}