{"_timestamp":1.7430481601667256e+09,"_wandb":{"runtime":15},"_runtime":15.288040794,"_step":0,"regret":0.3465719999999999,"epsilon":0.1030966233197366,"alpha":0.10335016641991684}