{"epsilon":0.01018225902913806,"alpha":0.4827633977259288,"_wandb":{"runtime":57},"_timestamp":1.743094934229686e+09,"_runtime":57.72166064,"_step":0,"regret":0.2424176}