{"regret":1.6857508,"temperature":1.4840893607783854,"alpha":0.18372812578131825,"_timestamp":1.7430996842111738e+09,"_wandb":{"runtime":31},"_runtime":31.330996078,"_step":0}