{"_runtime":158.722946506,"_step":0,"_wandb":{"runtime":158},"mean_reward":-478.60439999999994,"temperature":0.8,"alpha":0.7,"_timestamp":1.7430050734320161e+09}