{"_timestamp":1.743059259916308e+09,"_runtime":114.978731199,"_step":0,"_wandb":{"runtime":115},"regret":151.86020000000002,"temperature":0.17639738660607432,"alpha":0.3750539424231297}