{"_step":0,"_wandb":{"runtime":26},"regret":1.4391304,"temperature":0.6023417621106059,"alpha":0.4391329049402015,"_timestamp":1.7430456407160504e+09,"_runtime":26.71982422}