{"_step":0,"regret":1.3813176999999999,"temperature":0.502854932728757,"_wandb":{"runtime":62},"alpha":0.44554985039427575,"_timestamp":1.743098754210912e+09,"_runtime":62.579111659}