{"_timestamp":1.7431121942712893e+09,"_wandb":{"runtime":254},"_runtime":254.052662121,"_step":0,"regret":175.8718,"temperature":0.40246839731732686,"alpha":0.17233160992771762}