{"_step":0,"regret":0.39005939999999995,"epsilon":0.07912869868921206,"alpha":0.3899029255545115,"_timestamp":1.7430480501534224e+09,"_runtime":18.097217659,"_wandb":{"runtime":18}}