{"_wandb":{"runtime":20},"_timestamp":1.743046619765343e+09,"_runtime":20.17679084,"_step":0,"regret":0.36936159999999996,"epsilon":0.06502268615235424,"alpha":0.3182437521545284}