{"_step":0,"regret":177.4694,"temperature":0.28519915122401185,"alpha":0.3537336908375207,"_timestamp":1.7430562362484872e+09,"_runtime":122.988024673,"_wandb":{"runtime":123}}