{"_wandb":{"runtime":128},"regret":191.04340000000002,"temperature":0.4844438516418279,"alpha":0.49820500848774185,"_timestamp":1.7430557006602514e+09,"_runtime":128.6518928,"_step":0}