{"_runtime":130.05537453,"_step":0,"_wandb":{"runtime":130},"regret":195.04000000000002,"temperature":0.455280708526018,"alpha":0.45166387104795447,"_timestamp":1.743056877575535e+09}