{"_wandb":{"runtime":77},"regret":58.35470000000004,"epsilon":0.012604087956562425,"alpha":0.3520871439196097,"_timestamp":1.7431099413819027e+09,"_runtime":77.116155686,"_step":0}