{"_wandb":{"runtime":62},"_step":0,"regret":1.3972099999999998,"temperature":0.5178532865683828,"alpha":0.34256086452496737,"_timestamp":1.7430976048566658e+09,"_runtime":62.94931467}