{"alpha":0.4853176746513501,"temperature":0.1137028395955904,"_timestamp":1.7431753944363797e+09,"_runtime":111.092114118,"_step":0,"regret":135,"_wandb":{"runtime":111}}