{"_wandb":{"runtime":178},"_runtime":178.763718102,"_step":0,"regret":65.94630000000001,"temperature":0.1152617587158341,"alpha":0.4529647486307278,"_timestamp":1.7431135652640102e+09}