{"_timestamp":1.7430448530983233e+09,"_runtime":30.667315066,"_wandb":{"runtime":30},"_step":0,"regret":1.3620478,"temperature":0.5168076785159866,"alpha":0.4093984632263802}