{"regret":84.12789999999995,"temperature":0.3285771226297409,"_wandb":{"runtime":189},"alpha":0.4473160619616444,"_timestamp":1.7431161765322413e+09,"_runtime":189.852285956,"_step":0}