{"_runtime":18.766770229,"_step":0,"_wandb":{"runtime":18},"regret":160.1148,"alpha":0.17663292211274842,"epsilon":0.040290952639047826,"_timestamp":1.7430781341962848e+09}