{"_timestamp":1.7430955583369527e+09,"_runtime":39.628088324,"_step":0,"regret":0.22187630000000003,"epsilon":0.02804711397930608,"_wandb":{"runtime":39},"alpha":0.17927423653232075}