{"epsilon":0.09034355436816326,"alpha":0.16789334536090011,"_timestamp":1.7430481823737667e+09,"_runtime":15.746784772,"_step":0,"_wandb":{"runtime":15},"regret":0.33281820000000006}