{"_runtime":43.49763059,"_step":0,"regret":0.2338747000000001,"epsilon":0.026182337608682008,"_wandb":{"runtime":43},"alpha":0.31206407327528385,"_timestamp":1.7430962798867962e+09}