{"_step":0,"regret":0.44807299999999994,"epsilon":0.11075648040701502,"_wandb":{"runtime":19},"alpha":0.3952998294750565,"_timestamp":1.7430468837452583e+09,"_runtime":19.651136242}