{"epsilon":0.011039973712735513,"alpha":0.4451652922077498,"_wandb":{"runtime":74},"_timestamp":1.743110273415788e+09,"_runtime":74.864591204,"_step":0,"regret":55.509900000000016}