{"alpha":0.48764752917814,"_timestamp":1.7430474916036036e+09,"_runtime":17.042185853,"_step":0,"_wandb":{"runtime":17},"regret":0.5669762,"epsilon":0.14674135302227148}