{"_timestamp":1.7430046473307946e+09,"_wandb":{"runtime":234},"_runtime":234.742743932,"_step":0,"mean_reward":-707.348,"temperature":1.5,"alpha":0.5}