{"_timestamp":1.7430135025790966e+09,"_wandb":{"runtime":20},"_runtime":20.1966485,"_step":0,"mean_reward":0.6844760000000001,"epsilon":0.05,"alpha":0.5}