{"regret":0.28005860000000005,"epsilon":0.019536566323441255,"alpha":0.4852363850063398,"_timestamp":1.743047227370326e+09,"_runtime":26.686892731,"_step":0,"_wandb":{"runtime":26}}