{"regret":126.80580000000003,"temperature":0.10933595391389672,"alpha":0.4604724810554829,"_timestamp":1.7430538733810697e+09,"_runtime":107.908226814,"_step":0,"_wandb":{"runtime":107}}