{"epsilon":0.010079322385603351,"alpha":0.3999563355954221,"_timestamp":1.74311055151661e+09,"_runtime":75.372757607,"_step":0,"_wandb":{"runtime":75},"regret":57.79480000000001}