{"_wandb":{"runtime":104},"regret":76.09909999999999,"alpha":0.3546597118417879,"epsilon":0.14762934141477604,"_timestamp":1.743168025154052e+09,"_runtime":104.21395518,"_step":0}