{"_timestamp":1.7430455431708927e+09,"_runtime":15.984062871,"_step":0,"regret":1.6809084,"temperature":1.498155908780571,"alpha":0.3763623288945195,"_wandb":{"runtime":15}}