{"_timestamp":1.743015644532759e+09,"_runtime":23.20570772,"_step":0,"_wandb":{"runtime":23},"mean_reward":0.6575932,"epsilon":0.05,"alpha":0.5}