{"alpha":0.5,"_timestamp":1.7430040492063975e+09,"_runtime":133.238555248,"_wandb":{"runtime":133},"_step":0,"mean_reward":-395.8528,"temperature":0.5}