{"_wandb":{"runtime":109},"_step":0,"regret":137.08519999999993,"temperature":0.15033152941946573,"alpha":0.4867411830824645,"_timestamp":1.7430583981902816e+09,"_runtime":109.833726865}