{"regret":155.43195,"alpha":0.1970840979556937,"temperature":0.5038025858253794,"_timestamp":1.7431726262202318e+09,"_runtime":81.323116124,"_wandb":{"runtime":81},"_step":0}