{"_wandb":{"runtime":111},"_runtime":111.851496814,"_step":0,"regret":135.1026,"temperature":0.11411593266016172,"alpha":0.4729463250028326,"_timestamp":1.7430530310188115e+09}