{"epsilon":0.016710657438973868,"_wandb":{"runtime":28},"alpha":0.11012532757101036,"_timestamp":1.7430472929659238e+09,"_runtime":28.136601169,"_step":0,"regret":0.2821490000000001}