{"epsilon":0.1,"alpha":0.3,"_timestamp":1.743015547696285e+09,"_runtime":17.211417647,"_step":0,"_wandb":{"runtime":17},"mean_reward":0.6125697999999999}