{"temperature":0.5821436581073313,"_wandb":{"runtime":51},"alpha":0.14320013250340666,"_timestamp":1.7430981386192098e+09,"_runtime":51.893023953,"_step":0,"regret":1.3986322}