{"regret":0.22400399999999998,"epsilon":0.01761688203334194,"alpha":0.12614996670715595,"_timestamp":1.743096414332794e+09,"_runtime":46.645437368,"_step":0,"_wandb":{"runtime":46}}