{"temperature":0.3467301470893358,"alpha":0.48380727032946613,"_timestamp":1.7430532852777426e+09,"_runtime":122.981650914,"_step":0,"_wandb":{"runtime":122},"regret":168.04960000000005}