{"_step":0,"regret":80.1325,"alpha":0.4095633655071197,"epsilon":0.07203560072148545,"_timestamp":1.7431634716284096e+09,"_runtime":103.219693755,"_wandb":{"runtime":103}}