{"_wandb":{"runtime":109},"mean_reward":-327.218,"temperature":0.1,"alpha":0.5,"_timestamp":1.7430039084880514e+09,"_runtime":109.736126929,"_step":0}