{"alpha":0.47815147145703063,"epsilon":0.04110310531007922,"_timestamp":1.743163361587844e+09,"_wandb":{"runtime":77},"_runtime":77.014811247,"_step":0,"regret":112.11355}