{"epsilon":0.14481052141374923,"_timestamp":1.7430782479237635e+09,"_runtime":36.454225492,"_step":0,"_wandb":{"runtime":36},"regret":115.4067,"alpha":0.15944268379093135}