{"_wandb":{"runtime":16},"_step":0,"regret":123.74839999999999,"alpha":0.34634515028263985,"epsilon":0.1330202840739132,"_timestamp":1.7430618608170788e+09,"_runtime":16.613742623}