{"regret":0.34096080000000006,"epsilon":0.01207659398582302,"alpha":0.33790832088821543,"_timestamp":1.7430470438551888e+09,"_wandb":{"runtime":35},"_runtime":35.707795613,"_step":0}