{"_wandb":{"runtime":20},"_timestamp":1.7430445981859899e+09,"_runtime":20.850762165,"_step":0,"regret":1.5621402,"temperature":0.8589311668863547,"alpha":0.25016212946880056}