{"_step":0,"regret":0.2272687,"epsilon":0.010195033074550906,"alpha":0.3690122853548729,"_wandb":{"runtime":53},"_timestamp":1.7430968424968169e+09,"_runtime":53.421027208}