{"_runtime":37.679222091,"_step":0,"_wandb":{"runtime":37},"regret":111.2178,"alpha":0.3978765466062244,"epsilon":0.07182255064369558,"_timestamp":1.7430789330501783e+09}