{"mean_reward":0.6517804,"epsilon":0.01,"alpha":0.3,"_wandb":{"runtime":38},"_timestamp":1.7430140462716596e+09,"_runtime":38.061329326,"_step":0}