{"_step":0,"regret":1.6635469,"temperature":1.1861282023401882,"alpha":0.35022352052294237,"_wandb":{"runtime":34},"_timestamp":1.743097417087108e+09,"_runtime":34.326983883}