{"regret":1.5672582,"temperature":0.7950763685776167,"alpha":0.475888575797343,"_timestamp":1.7430458421897955e+09,"_runtime":21.803896567,"_step":0,"_wandb":{"runtime":21}}