{"_runtime":16.878649566,"_step":0,"_wandb":{"runtime":16},"regret":1.6401797999999999,"temperature":1.1469776227898625,"alpha":0.49694497373212654,"_timestamp":1.743045690146441e+09}