{"alpha":0.49599056428855826,"_timestamp":1.7431141312212582e+09,"_runtime":188.504334635,"_step":0,"_wandb":{"runtime":188},"regret":79.85540000000003,"temperature":0.33831909650822695}