{"_step":0,"regret":105.8549,"alpha":0.29156734643612686,"epsilon":0.14674330553120138,"_timestamp":1.7430798464228175e+09,"_runtime":40.346563839,"_wandb":{"runtime":40}}