{"regret":133.69920000000002,"temperature":0.10771561172861252,"alpha":0.4421250484433038,"_wandb":{"runtime":109},"_timestamp":1.7430531447846596e+09,"_runtime":109.580329942,"_step":0}