{"_runtime":60.453168458,"_step":0,"_wandb":{"runtime":60},"regret":1.3202227,"temperature":0.5032079231486563,"alpha":0.1881208552826729,"_timestamp":1.7430984764389052e+09}