{"_timestamp":1.743050929908018e+09,"_wandb":{"runtime":50},"_runtime":50.943836649,"_step":0,"regret":133.4876,"epsilon":0.05839971085708311,"alpha":0.4458875818926039}