{"alpha":0.30393968952506484,"_timestamp":1.7430459627911015e+09,"_runtime":24.784883273,"_wandb":{"runtime":24},"_step":0,"regret":1.433087,"temperature":0.6149161414105558}