{"temperature":1.491601539122054,"alpha":0.2887828783658426,"_timestamp":1.7430986841741097e+09,"_runtime":31.144247395,"_step":0,"_wandb":{"runtime":31},"regret":1.6895291000000001}