{"_runtime":19.01651219,"_step":0,"_wandb":{"runtime":19},"regret":1.519883,"temperature":0.8212028083846703,"alpha":0.1661945874565211,"_timestamp":1.7430457836786122e+09}