{"temperature":0.8748397318373703,"alpha":0.4769337734821061,"_timestamp":1.7430990666141393e+09,"_runtime":39.488144962,"_step":0,"_wandb":{"runtime":39},"regret":1.6012052}