{"regret":1.6209465,"temperature":0.933333627395062,"alpha":0.408983307570014,"_wandb":{"runtime":40},"_timestamp":1.7430997739304216e+09,"_runtime":40.446247076,"_step":0}