{"_timestamp":1.7430505765018368e+09,"_runtime":48.187350537,"_step":0,"regret":121.10360000000003,"epsilon":0.028394959564508222,"alpha":0.49688801072089794,"_wandb":{"runtime":48}}