{"temperature":0.3003899043570527,"alpha":0.4153097317746232,"_timestamp":1.7430579959545686e+09,"_runtime":119.503519402,"_wandb":{"runtime":119},"_step":0,"regret":162.78019999999998}