{"_timestamp":1.7431749874417484e+09,"_runtime":89.824572231,"_step":0,"regret":148.21295,"_wandb":{"runtime":89},"alpha":0.103624168812893,"temperature":0.17105608800885724}