{"_runtime":154.842744289,"_step":0,"regret":272.8783999999999,"temperature":0.7229402205453191,"alpha":0.3822586911664751,"_timestamp":1.743055859792879e+09,"_wandb":{"runtime":154}}