{"_runtime":161.756415584,"_wandb":{"runtime":161},"_step":0,"regret":104.03165000000001,"alpha":0.15464501051725185,"temperature":0.9860560743840204,"_timestamp":1.7431735990010018e+09}