{"_wandb":{"runtime":158},"_step":0,"regret":106.6725,"alpha":0.29721809187831383,"temperature":1.3467518407981434,"_timestamp":1.7431744412155886e+09,"_runtime":158.058417114}