{"alpha":0.2773444372390109,"epsilon":0.1478897340328311,"_timestamp":1.743078107977758e+09,"_runtime":40.305739791,"_wandb":{"runtime":40},"_step":0,"regret":105.889}