{"_timestamp":1.7431645079236357e+09,"_runtime":96.425602737,"_step":0,"regret":83.12715,"alpha":0.3842688482694901,"epsilon":0.13463516062782716,"_wandb":{"runtime":96}}