{"_wandb":{"runtime":75},"regret":56.634900000000016,"epsilon":0.0114620131191513,"alpha":0.4404458353141846,"_timestamp":1.7431095878597424e+09,"_runtime":75.573555608,"_step":0}