{"regret":57.12870000000004,"epsilon":0.010225971390811533,"_wandb":{"runtime":77},"alpha":0.470415690620304,"_timestamp":1.7431078723115604e+09,"_runtime":77.119012006,"_step":0}