{"epsilon":0.13885742939098533,"_timestamp":1.7430614428103004e+09,"_runtime":16.507557647,"_wandb":{"runtime":16},"_step":0,"regret":128.7714,"alpha":0.3374786275864703}