{"regret":1.305666,"temperature":0.5133545424905008,"alpha":0.22574922334018763,"_timestamp":1.7430453840918856e+09,"_runtime":28.145935009,"_step":0,"_wandb":{"runtime":28}}