{"epsilon":0.01,"alpha":0.3,"_timestamp":1.743010706281331e+09,"_runtime":53.840365393,"_step":0,"_wandb":{"runtime":53},"mean_reward":-337.16179999999997}