{"alpha":0.3288997801757618,"_timestamp":1.7430563687642376e+09,"_wandb":{"runtime":119},"_runtime":119.491862111,"_step":0,"regret":156.86919999999998,"temperature":0.10038514359676363}