{"_timestamp":1.7430615290729723e+09,"_runtime":17.305460691,"_step":0,"_wandb":{"runtime":17},"regret":120.8036,"alpha":0.4052959428685322,"epsilon":0.14930497823016006}