{"_timestamp":1.7430496589546497e+09,"_runtime":47.64651951,"_step":0,"regret":120.57880000000006,"epsilon":0.026438316770940315,"alpha":0.4723714473015338,"_wandb":{"runtime":47}}