{"regret":0.3437350000000001,"epsilon":0.08574774769170049,"alpha":0.16068331201565633,"_timestamp":1.7430482037903378e+09,"_runtime":15.700069696,"_step":0,"_wandb":{"runtime":15}}