{"_wandb":{"runtime":40},"epsilon":0.0274599871222478,"alpha":0.28019338574800445,"_timestamp":1.7430947571053312e+09,"_runtime":40.128437982,"_step":0,"regret":0.23066160000000013}