{"_step":0,"regret":125.86939999999998,"epsilon":0.03934271999207987,"alpha":0.45149397351377274,"_wandb":{"runtime":49},"_timestamp":1.743050515918118e+09,"_runtime":49.624199921}