{"alpha":0.47408544138090736,"_timestamp":1.7430944495276153e+09,"_runtime":36.788122619,"_step":0,"regret":0.5473434,"_wandb":{"runtime":36},"epsilon":0.1351569589076631}