{"_runtime":48.140984232,"_step":0,"_wandb":{"runtime":48},"regret":114.10719999999998,"epsilon":0.01056051626132208,"alpha":0.4845928498047798,"_timestamp":1.7430497682789662e+09}