{"_step":0,"regret":1.6212242,"temperature":0.9700759925854004,"_wandb":{"runtime":37},"alpha":0.49625329319329825,"_timestamp":1.7430986388472629e+09,"_runtime":37.378872096}