{"_wandb":{"runtime":185},"regret":75.5935,"temperature":0.11862532034030468,"alpha":0.3374251203454178,"_timestamp":1.7431169772170787e+09,"_runtime":185.540729329,"_step":0}