{"_wandb":{"runtime":51},"_step":0,"regret":142.30680000000007,"epsilon":0.06965098129738205,"alpha":0.36482233644151774,"_timestamp":1.7430507976524854e+09,"_runtime":51.48482571}