{"_timestamp":1.7430616491618762e+09,"_runtime":5.373264041,"_step":0,"regret":180.7898,"alpha":0.4923869459414487,"_wandb":{"runtime":5},"epsilon":0.01640179196855081}