{"alpha":0.4724201427139376,"epsilon":0.08464753397715044,"_timestamp":1.7430791333171048e+09,"_runtime":37.082194938,"_step":0,"_wandb":{"runtime":37},"regret":114.6628}