{"_runtime":18.091668198,"_step":0,"regret":0.5251702,"epsilon":0.12256383028140702,"_wandb":{"runtime":18},"alpha":0.407105160641001,"_timestamp":1.743047797309444e+09}