{"alpha":0.3,"_wandb":{"runtime":56},"_timestamp":1.7430108293142443e+09,"_runtime":56.652174902,"_step":0,"mean_reward":-361.02540000000005,"epsilon":0.1}