{"alpha":0.4315054503395065,"_timestamp":1.7430461368935885e+09,"_runtime":19.679243046,"_step":0,"_wandb":{"runtime":19},"regret":1.5869385999999999,"temperature":0.9032426843477954}