{"alpha":0.4205371828161769,"epsilon":0.11978361311794324,"_timestamp":1.7430779991503425e+09,"_runtime":43.501477841,"_step":0,"_wandb":{"runtime":43},"regret":102.3061}