{"_step":0,"regret":195.1746000000001,"temperature":0.13311260764022176,"alpha":0.23250555204838985,"_timestamp":1.7430554506372008e+09,"_runtime":128.637151629,"_wandb":{"runtime":128}}