{"_runtime":180.854921316,"_step":0,"_wandb":{"runtime":180},"regret":66.28359999999998,"temperature":0.10303982371121297,"alpha":0.4368891320581417,"_timestamp":1.7431185789946218e+09}