{"_step":0,"_wandb":{"runtime":207},"mean_reward":-597.2654,"temperature":1,"alpha":0.9,"_timestamp":1.7430061349414685e+09,"_runtime":207.426941375}