{"_step":0,"regret":134.73519999999996,"temperature":0.10196274291090808,"alpha":0.4642962740342318,"_wandb":{"runtime":108},"_timestamp":1.743054785097365e+09,"_runtime":108.077250933}