{"_step":0,"_wandb":{"runtime":19},"regret":1.6747172,"temperature":1.3699605675455495,"alpha":0.1765271712969868,"_timestamp":1.743044447727168e+09,"_runtime":19.291325809}