{"_step":0,"_wandb":{"runtime":44},"regret":1.5620469,"temperature":0.7450161981736626,"alpha":0.49988412233238777,"_timestamp":1.7430989541306484e+09,"_runtime":44.286956857}