{"epsilon":0.09682768146513764,"_timestamp":1.743168245628099e+09,"_runtime":97.838122626,"_step":0,"_wandb":{"runtime":97},"regret":83.43819999999998,"alpha":0.28599891097770264}