{"_wandb":{"runtime":41},"regret":0.20920660000000002,"epsilon":0.023277907209648608,"alpha":0.20395349654214529,"_timestamp":1.7430957465595536e+09,"_runtime":41.100891889,"_step":0}