{"epsilon":0.019761199845275048,"alpha":0.4993104669238805,"_timestamp":1.7430515745555184e+09,"_runtime":50.599048587,"_wandb":{"runtime":50},"_step":0,"regret":119.65159999999997}