{"_timestamp":1.7430445698201623e+09,"_runtime":18.790621846,"_step":0,"_wandb":{"runtime":18},"regret":1.5879396,"temperature":0.9265934711465622,"alpha":0.2344075081949884}