{"_step":0,"regret":76.70960000000001,"_wandb":{"runtime":203},"alpha":0.20033549946672288,"temperature":1.1194936278938914,"_timestamp":1.7431728393557594e+09,"_runtime":203.927963265}