{"alpha":0.44202854985028706,"epsilon":0.13362394858196183,"_timestamp":1.7431642828055732e+09,"_runtime":110.043237958,"_step":0,"regret":72.427,"_wandb":{"runtime":110}}