{"_runtime":66.41971334,"_step":0,"_wandb":{"runtime":66},"regret":161.80970000000002,"alpha":0.18016806033259491,"temperature":0.1960688997329886,"_timestamp":1.7431770991815755e+09}