{"regret":0.304511,"epsilon":0.030866856393320437,"alpha":0.4324348765996861,"_timestamp":1.743047258301373e+09,"_wandb":{"runtime":25},"_runtime":25.199999317,"_step":0}