{"_step":0,"regret":272.3652,"temperature":0.5170843738361184,"alpha":0.24987945719729124,"_timestamp":1.7430577511285334e+09,"_wandb":{"runtime":153},"_runtime":153.039370364}