{"alpha":0.23814995173034947,"_wandb":{"runtime":96},"epsilon":0.13634781975837973,"_timestamp":1.7431658026444602e+09,"_runtime":96.836063806,"_step":0,"regret":82.60525}