{"alpha":0.4114154591228759,"_timestamp":1.7431194015406547e+09,"_runtime":191.231891037,"_wandb":{"runtime":191},"_step":0,"regret":83.62299999999999,"temperature":0.26163677431535737}