{"_step":0,"regret":85.28219999999999,"epsilon":0.10838227996081976,"alpha":0.3258217088986995,"_wandb":{"runtime":83},"_timestamp":1.7431093203676195e+09,"_runtime":83.889312053}