{"_wandb":{"runtime":90},"alpha":0.40478066540189694,"epsilon":0.08227204143898344,"_timestamp":1.7431636239230852e+09,"_runtime":90.782863482,"_step":0,"regret":92.41945}