{"regret":0.32136339999999997,"epsilon":0.01068124921426579,"alpha":0.10505840839824648,"_timestamp":1.7430471617303379e+09,"_runtime":35.767968398,"_step":0,"_wandb":{"runtime":35}}