{"_wandb":{"runtime":29},"epsilon":0.1321011298117011,"alpha":0.23688635091864643,"_timestamp":1.743094531885116e+09,"_runtime":29.672438079,"_step":0,"regret":0.41622900000000007}