{"alpha":0.3650459084361066,"_wandb":{"runtime":52},"_timestamp":1.743050633509627e+09,"_runtime":52.66326995,"_step":0,"regret":151.20039999999995,"epsilon":0.1015320285224603}