{"alpha":0.7,"_timestamp":1.7430047651031876e+09,"_runtime":112.288484889,"_step":0,"mean_reward":-333.491,"_wandb":{"runtime":112},"temperature":0.1}