{"_step":0,"regret":154.25559999999996,"temperature":0.22937396593079867,"_wandb":{"runtime":115},"alpha":0.39180923150281,"_timestamp":1.7430551665573773e+09,"_runtime":115.026854341}