{"alpha":0.4984351885462576,"_wandb":{"runtime":39},"_timestamp":1.7430967383362448e+09,"_runtime":39.742727322,"_step":0,"regret":0.4130547,"epsilon":0.0774372730819468}