{"_runtime":4.737974483,"_step":0,"_wandb":{"runtime":4},"regret":185.151,"alpha":0.10069136595331536,"epsilon":0.01090281556811465,"_timestamp":1.7430612367339318e+09}