{"_runtime":56.94482174,"_step":0,"regret":178.03500000000003,"_wandb":{"runtime":56},"epsilon":0.0291759142283943,"alpha":0.21239596486612955,"_timestamp":1.7430492899570644e+09}