{"_step":0,"_wandb":{"runtime":174},"regret":59.60919999999999,"temperature":0.14082129214848046,"alpha":0.49061134665204753,"_timestamp":1.7431179741868825e+09,"_runtime":174.222367797}