{"_runtime":4.8566034,"_step":0,"_wandb":{"runtime":4},"regret":183.447,"alpha":0.1911420907399613,"epsilon":0.020753941032946005,"_timestamp":1.7430616378849792e+09}