{"epsilon":0.1475561547608224,"_timestamp":1.743166144261611e+09,"_runtime":84.209195776,"_wandb":{"runtime":84},"_step":0,"regret":97.99245,"alpha":0.1373541281366369}