{"regret":137.3126,"alpha":0.17045457963670296,"epsilon":0.03560900371205086,"_timestamp":1.74316751556275e+09,"_runtime":54.715338372,"_wandb":{"runtime":54},"_step":0}