{"epsilon":0.011112556975532276,"alpha":0.4477176555088914,"_timestamp":1.743047638553034e+09,"_runtime":40.934538665,"_wandb":{"runtime":40},"_step":0,"regret":0.38592880000000007}