{"_step":0,"_wandb":{"runtime":32},"regret":0.301608,"epsilon":0.010654968675633588,"alpha":0.4134812738215381,"_timestamp":1.743047529166484e+09,"_runtime":32.940553612}