{"_timestamp":1.743079702171922e+09,"_runtime":39.918331905,"_step":0,"regret":106.2524,"_wandb":{"runtime":39},"alpha":0.4405296815173807,"epsilon":0.12656432044331611}