{"_step":0,"_wandb":{"runtime":109},"regret":133.0602,"temperature":0.12234269145229212,"alpha":0.4550027022910774,"_timestamp":1.7430536423104897e+09,"_runtime":109.080279788}