{"_timestamp":1.7430785431790478e+09,"_runtime":41.962651057,"_wandb":{"runtime":41},"_step":0,"regret":101.6733,"alpha":0.39564946737035867,"epsilon":0.1208492574475288}