{"_timestamp":1.7430498726016986e+09,"_runtime":46.739543397,"_wandb":{"runtime":46},"_step":0,"regret":119.51840000000004,"epsilon":0.013037480223149048,"alpha":0.44922679598202375}