{"_step":0,"_wandb":{"runtime":16},"regret":0.3737114,"epsilon":0.10676399220560248,"alpha":0.1286572092818671,"_timestamp":1.743046568522234e+09,"_runtime":16.486037788}