{"alpha":0.46210194899820345,"_timestamp":1.7430995194565032e+09,"_runtime":42.703483691,"_wandb":{"runtime":42},"_step":0,"regret":1.5946622000000001,"temperature":0.8351790700035483}