{"_timestamp":1.74304737168185e+09,"_runtime":16.313203633,"_wandb":{"runtime":16},"_step":0,"regret":0.42213639999999997,"epsilon":0.12296784553317212,"alpha":0.28677636413273133}