{"regret":80.9542,"alpha":0.1824993745052144,"epsilon":0.14523904462817394,"_timestamp":1.7431649476490088e+09,"_runtime":96.915434399,"_step":0,"_wandb":{"runtime":96}}