{"_timestamp":1.7430476649550178e+09,"_runtime":18.427293068,"_step":0,"_wandb":{"runtime":18},"regret":0.27410919999999994,"epsilon":0.046559934892855454,"alpha":0.10534622302232144}