{"regret":299.56720000000007,"epsilon":0.08403646624502936,"alpha":0.10162070031994852,"_timestamp":1.7430503466866298e+09,"_wandb":{"runtime":75},"_runtime":75.400420407,"_step":0}