{"regret":99.15995000000001,"alpha":0.39803701902837063,"epsilon":0.0426133878067921,"_timestamp":1.7431666160602045e+09,"_wandb":{"runtime":85},"_runtime":85.181466211,"_step":0}