{"_step":0,"_wandb":{"runtime":76},"regret":57.75689999999997,"epsilon":0.011472125999463352,"alpha":0.4373909462504834,"_timestamp":1.7431101090119183e+09,"_runtime":76.638891562}