{"_timestamp":1.743177026048493e+09,"_runtime":136.117503074,"_step":0,"regret":120.18635,"_wandb":{"runtime":136},"alpha":0.3126287827042965,"temperature":1.012240136016016}