{"_runtime":169.788076867,"_step":0,"regret":99.62854999999999,"alpha":0.11524042863374548,"temperature":0.5550853960095902,"_timestamp":1.7431730239483504e+09,"_wandb":{"runtime":169}}