{"_wandb":{"runtime":36},"_timestamp":1.7430792947431474e+09,"_runtime":36.732882727,"_step":0,"regret":113.7255,"alpha":0.4206276640894494,"epsilon":0.08741728081171989}