{"regret":132.3042,"alpha":0.4800082313805972,"epsilon":0.0293860625264781,"_wandb":{"runtime":29},"_timestamp":1.743079003674276e+09,"_runtime":29.658141318,"_step":0}