{"_timestamp":1.7430618364718137e+09,"_runtime":14.536144311,"_step":0,"regret":134.046,"alpha":0.4837424184166693,"epsilon":0.09009718864108282,"_wandb":{"runtime":14}}