{"_runtime":57.131684213,"_step":0,"_wandb":{"runtime":57},"regret":176.959,"epsilon":0.1415634817839692,"alpha":0.49657640846605344,"_timestamp":1.743050037702562e+09}