{"regret":0.33023389999999997,"_wandb":{"runtime":27},"epsilon":0.0990856496255087,"alpha":0.10068131429961312,"_timestamp":1.743096359535006e+09,"_runtime":27.894172679,"_step":0}