{"alpha":0.3992108030249284,"epsilon":0.1168808403138724,"_wandb":{"runtime":41},"_timestamp":1.7430779285345275e+09,"_runtime":41.094180922,"_step":0,"regret":108.11520000000002}