{"_runtime":17.837210447,"_wandb":{"runtime":17},"_step":0,"regret":0.37820960000000015,"epsilon":0.08969869995161214,"alpha":0.3760742911987473,"_timestamp":1.74304808071031e+09}