{"epsilon":0.07374891895432385,"alpha":0.496492991222338,"_timestamp":1.7430511808661737e+09,"_runtime":52.437801701,"_step":0,"_wandb":{"runtime":52},"regret":144.24}