{"_wandb":{"runtime":36},"_step":0,"regret":0.3385059,"epsilon":0.07123910865679986,"alpha":0.3298298864645107,"_timestamp":1.7430946252780335e+09,"_runtime":36.352554237}