{"_runtime":16.058338829,"_step":0,"_wandb":{"runtime":16},"regret":1.5690372,"temperature":0.973067445879471,"alpha":0.10018439874130812,"_timestamp":1.7430451688422492e+09}