{"_timestamp":1.7430451170802455e+09,"_runtime":22.773293389,"_step":0,"regret":1.2576294,"temperature":0.5050338084789209,"_wandb":{"runtime":22},"alpha":0.1032136746648495}