{"_step":0,"regret":58.66790000000003,"epsilon":0.012307728166447622,"alpha":0.37813311567414853,"_timestamp":1.7431086268506997e+09,"_runtime":81.099930959,"_wandb":{"runtime":81}}