{"_wandb":{"runtime":31},"epsilon":0.07551761901724205,"_timestamp":1.7430777803121588e+09,"_runtime":31.512332589,"_step":0,"regret":129.5428,"alpha":0.24467616035129097}