{"_timestamp":1.7430786190290601e+09,"_runtime":22.129517707,"_step":0,"regret":150.9304,"alpha":0.13732400050494178,"_wandb":{"runtime":22},"epsilon":0.07219660728577806}