{"regret":141.54295,"alpha":0.4166550058503439,"temperature":1.4257692454252482,"_timestamp":1.743174791884311e+09,"_runtime":100.285651624,"_step":0,"_wandb":{"runtime":100}}