{"epsilon":0.12736043496300894,"_timestamp":1.7430613042766852e+09,"_runtime":17.809448263,"_wandb":{"runtime":17},"_step":0,"regret":129.0386,"alpha":0.4922528048851627}