{"_step":0,"regret":0.4236124,"epsilon":0.132232366792041,"_wandb":{"runtime":14},"alpha":0.17052994255716475,"_timestamp":1.7430478257031388e+09,"_runtime":14.910225576}