{"_wandb":{"runtime":15},"regret":1.627184,"temperature":1.1988249287821122,"alpha":0.10441704976516585,"_timestamp":1.743045607604052e+09,"_runtime":15.264879223,"_step":0}