{"regret":143.79549999999998,"alpha":0.41422164871505096,"temperature":1.1540633524462296,"_timestamp":1.7431740367686327e+09,"_runtime":97.4543615,"_step":0,"_wandb":{"runtime":97}}