{"_wandb":{"runtime":106},"_timestamp":1.743166774959208e+09,"_runtime":106.61619158,"_step":0,"regret":72.73325,"alpha":0.30897714455165737,"epsilon":0.11859370366947546}