{"regret":179.7235,"alpha":0.40593208092265776,"epsilon":0.010850211234948948,"_timestamp":1.743078062491449e+09,"_runtime":10.922529435,"_step":0,"_wandb":{"runtime":10}}