{"epsilon":0.018533018940215792,"alpha":0.3303504984897819,"_timestamp":1.7430475845604448e+09,"_runtime":23.650873997,"_step":0,"_wandb":{"runtime":23},"regret":0.2432740000000001}