{"_step":0,"_wandb":{"runtime":222},"regret":130.33090000000004,"temperature":0.4232405011903807,"alpha":0.2801273857537943,"_timestamp":1.7431200454544435e+09,"_runtime":222.361973131}