{"_runtime":32.988599803,"_step":0,"regret":1.6881939,"_wandb":{"runtime":32},"temperature":1.4039640011640546,"alpha":0.2131647972938028,"_timestamp":1.7430995576074567e+09}