{"_timestamp":1.7430973756057138e+09,"_runtime":35.597411318,"_step":0,"regret":1.6212146,"temperature":1.044835268566393,"_wandb":{"runtime":35},"alpha":0.1855167449531313}