{"_runtime":77.697105884,"_step":0,"regret":63.72679999999997,"epsilon":0.01972473201672703,"alpha":0.43628528665343547,"_wandb":{"runtime":77},"_timestamp":1.7431084487518008e+09}