{"alpha":0.33412456217924774,"_timestamp":1.743099471518933e+09,"_runtime":32.582645737,"_step":0,"regret":1.693905,"_wandb":{"runtime":32},"temperature":1.416809752911675}