{"_timestamp":1.7430796560388513e+09,"_runtime":41.733965625,"_step":0,"_wandb":{"runtime":41},"regret":104.92739999999999,"alpha":0.4970716260111635,"epsilon":0.12430979746142956}