{"temperature":1.0357904189178295,"alpha":0.28530335027891296,"_timestamp":1.7430991600423148e+09,"_runtime":37.235048318,"_step":0,"_wandb":{"runtime":37},"regret":1.6330004}