{"_step":0,"regret":69.49880000000007,"temperature":0.18873894175423928,"alpha":0.4284583102204239,"_timestamp":1.7431173722279503e+09,"_runtime":180.062364298,"_wandb":{"runtime":180}}