{"_runtime":31.752710354,"_step":0,"_wandb":{"runtime":31},"mean_reward":0.7231478,"epsilon":0.01,"alpha":0.3,"_timestamp":1.7430133866821814e+09}