{"_runtime":199.995440788,"_step":0,"_wandb":{"runtime":199},"regret":96.90440000000001,"temperature":0.2235985609573937,"alpha":0.28643480632226404,"_timestamp":1.7431216043008149e+09}