{"_timestamp":1.7430446261885839e+09,"_runtime":22.382902363,"_step":0,"_wandb":{"runtime":22},"regret":1.5275604,"temperature":0.7571485911819554,"alpha":0.23607284299350267}