{"alpha":0.44564629528408506,"_timestamp":1.7430455211729336e+09,"_wandb":{"runtime":31},"_runtime":31.653333982,"_step":0,"regret":1.356332,"temperature":0.5022430344442862}