{"alpha":0.1408289363238383,"_timestamp":1.7430968897934055e+09,"_runtime":41.856041883,"_step":0,"_wandb":{"runtime":41},"regret":0.24144260000000006,"epsilon":0.02732644142321443}