{"_timestamp":1.7430590188625398e+09,"_wandb":{"runtime":148},"_runtime":148.850783484,"_step":0,"regret":251.68219999999997,"temperature":0.3071273280955296,"alpha":0.2004913615555436}