{"_step":0,"_wandb":{"runtime":104},"regret":163.83190000000002,"epsilon":0.14874831979058495,"alpha":0.1125255517568936,"_timestamp":1.7431081108496938e+09,"_runtime":104.889413259}