{"epsilon":0.04384066734134143,"alpha":0.35543842624271416,"_timestamp":1.7430495499452543e+09,"_wandb":{"runtime":51},"_runtime":51.205352036,"_step":0,"regret":135.82840000000004}