{"_wandb":{"runtime":75},"epsilon":0.01230588403367402,"alpha":0.4236832770529523,"_timestamp":1.7431075290776706e+09,"_runtime":75.666617064,"_step":0,"regret":58.84899999999999}