{"regret":130.05259999999998,"epsilon":0.04026768949212389,"alpha":0.3961237697355016,"_timestamp":1.7430496047510054e+09,"_runtime":48.59471338,"_step":0,"_wandb":{"runtime":48}}