{"_timestamp":1.743096324510165e+09,"_runtime":31.236011516,"_step":0,"regret":0.2677537,"_wandb":{"runtime":31},"epsilon":0.07173035969837759,"alpha":0.16997590821670577}