{"regret":86.83575,"alpha":0.4953557571637255,"epsilon":0.07142963356857683,"_wandb":{"runtime":95},"_timestamp":1.7431677223552895e+09,"_runtime":95.663782775,"_step":0}