{"_timestamp":1.743107260860932e+09,"_runtime":76.357771633,"_step":0,"_wandb":{"runtime":76},"regret":64.98930000000001,"epsilon":0.037228296642092255,"alpha":0.3776195789955453}