{"temperature":0.1043626763235312,"alpha":0.10098156459366936,"_timestamp":1.7431153976756203e+09,"_runtime":264.60931355,"_step":0,"_wandb":{"runtime":264},"regret":191.65300000000002}