{"regret":147.23075,"alpha":0.12326788287777678,"temperature":0.12728266971376934,"_wandb":{"runtime":90},"_timestamp":1.7431763256216917e+09,"_runtime":90.2321465,"_step":0}