{"_timestamp":1.7430451491911294e+09,"_runtime":27.425075218,"_step":0,"_wandb":{"runtime":27},"regret":1.2971186000000001,"temperature":0.5066438792505152,"alpha":0.19878259442720256}