{"alpha":0.28298964041995844,"_timestamp":1.7430448171827886e+09,"_wandb":{"runtime":32},"_runtime":32.142625807,"_step":0,"regret":1.2912286,"temperature":0.5015365904091732}