{"_step":0,"regret":95.411,"alpha":0.411702164171836,"epsilon":0.13326944201169283,"_timestamp":1.7430794665204425e+09,"_wandb":{"runtime":44},"_runtime":44.11281865}