{"_runtime":57.60309923,"_step":0,"regret":1.3160174,"_wandb":{"runtime":57},"temperature":0.5097535577103385,"alpha":0.13676224144370663,"_timestamp":1.743097947689832e+09}