{"_step":0,"regret":1.6608958,"temperature":1.3312290506714322,"alpha":0.2851740697910209,"_timestamp":1.7430444977605145e+09,"_runtime":16.482673013,"_wandb":{"runtime":16}}