{"regret":585.1208,"temperature":1.4165684311114768,"alpha":0.2490677821911151,"_timestamp":1.74305249883917e+09,"_runtime":269.349140202,"_wandb":{"runtime":269},"_step":0}