{"regret":116.0993,"alpha":0.4645670434111757,"epsilon":0.08943339087790322,"_timestamp":1.7430794162673867e+09,"_runtime":36.149129329,"_wandb":{"runtime":36},"_step":0}