{"_timestamp":1.743177952022457e+09,"_runtime":97.509303483,"_step":0,"_wandb":{"runtime":97},"regret":143.51905,"alpha":0.4151156414265452,"temperature":1.084821976832019}