{"_step":0,"_wandb":{"runtime":17},"regret":1.6246848,"temperature":1.1226933296508392,"alpha":0.2902174115225363,"_timestamp":1.743046073116085e+09,"_runtime":17.156239024}