{"temperature":0.8,"_wandb":{"runtime":179},"alpha":0.3,"_timestamp":1.7430033269948037e+09,"_runtime":179.157510709,"_step":0,"mean_reward":-531.2793999999999}