{"regret":1.4425438000000002,"temperature":0.5988058419410964,"alpha":0.34868098699619565,"_timestamp":1.7430454226965048e+09,"_runtime":25.820253478,"_step":0,"_wandb":{"runtime":25}}