{"_timestamp":1.7431725394309423e+09,"_runtime":79.993514626,"_step":0,"regret":154.39835,"_wandb":{"runtime":79},"alpha":0.43064011233214294,"temperature":0.28178085572464256}