{"regret":0.2811958,"epsilon":0.016630310102673337,"alpha":0.4699369718761742,"_timestamp":1.7430477427035878e+09,"_runtime":28.235340558,"_step":0,"_wandb":{"runtime":28}}