{"_wandb":{"runtime":51},"_runtime":51.016263309,"_step":0,"regret":115.89059999999995,"epsilon":0.010126722113156897,"alpha":0.43082149290671545,"_timestamp":1.7430513652147703e+09}