{"regret":133.9942,"alpha":0.267729094594936,"epsilon":0.129144694411049,"_timestamp":1.7430615899089456e+09,"_runtime":14.763292747,"_step":0,"_wandb":{"runtime":14}}