{"_runtime":32.884443441,"_step":0,"regret":165.2141,"_wandb":{"runtime":32},"alpha":0.18477694963055616,"epsilon":0.017805967859824644,"_timestamp":1.7431666625767782e+09}