{"_step":0,"regret":103.8715,"alpha":0.4610609502376739,"_wandb":{"runtime":40},"epsilon":0.1415887583151658,"_timestamp":1.7430787124129775e+09,"_runtime":40.975710069}