{"_runtime":55.052704439,"_step":0,"_wandb":{"runtime":55},"regret":1.2970343,"temperature":0.503643107606917,"alpha":0.11333518890913448,"_timestamp":1.743098199294926e+09}