{"_timestamp":1.7430035302471468e+09,"_runtime":197.766555431,"_step":0,"mean_reward":-583.3036000000001,"temperature":1,"_wandb":{"runtime":197},"alpha":0.3}