{"_timestamp":1.7431089650028176e+09,"_runtime":80.930844451,"_wandb":{"runtime":80},"_step":0,"regret":72.30109999999996,"epsilon":0.05114585151251425,"alpha":0.30409322752639534}