{"_runtime":33.116141257,"_step":0,"_wandb":{"runtime":33},"regret":1.325933,"temperature":0.5004647923311736,"alpha":0.35291040961618847,"_timestamp":1.7430448930626054e+09}