{"_wandb":{"runtime":32},"regret":1.3245582,"temperature":0.5062178383072948,"alpha":0.2926597464162982,"_timestamp":1.7430447812565427e+09,"_runtime":32.942027082,"_step":0}