{"_step":0,"regret":131.13215,"alpha":0.17665616671138495,"temperature":1.3481487545424276,"_wandb":{"runtime":120},"_timestamp":1.7431734308455906e+09,"_runtime":120.402739953}