{"_step":0,"regret":1.3388946000000002,"temperature":0.5592870954153042,"alpha":0.14280071401854144,"_wandb":{"runtime":25},"_timestamp":1.7430457280489252e+09,"_runtime":25.138388779}