{"_timestamp":1.743061418758104e+09,"_runtime":13.762778673,"_wandb":{"runtime":13},"_step":0,"regret":141.0618,"alpha":0.3039926979674406,"epsilon":0.08707323074438982}