{"_wandb":{"runtime":83},"regret":66.26169999999996,"epsilon":0.035052423108135715,"alpha":0.36693747304701463,"_timestamp":1.7431071784466012e+09,"_runtime":83.616173341,"_step":0}