{"_timestamp":1.7431113105875683e+09,"_runtime":80.974618391,"_step":0,"_wandb":{"runtime":80},"regret":67.30690000000004,"epsilon":0.03967437924302667,"alpha":0.40982031310411016}