{"_step":0,"regret":0.2527837999999999,"epsilon":0.05452191398503323,"_wandb":{"runtime":32},"alpha":0.10086561202925998,"_timestamp":1.7430962307975938e+09,"_runtime":32.099649257}