{"_step":0,"_wandb":{"runtime":17},"regret":124.8862,"alpha":0.4987921598084243,"epsilon":0.14504104995536424,"_timestamp":1.74306105940727e+09,"_runtime":17.723569149}