{"_runtime":229.385477077,"_step":0,"mean_reward":-663.5914,"temperature":0.5,"alpha":0.1,"_wandb":{"runtime":229},"_timestamp":1.743001913772185e+09}