{"_timestamp":1.7430449630906427e+09,"_runtime":23.667266816,"_step":0,"_wandb":{"runtime":23},"regret":1.2506278,"temperature":0.5035031306668878,"alpha":0.11349267748531694}