{"_wandb":{"runtime":457},"_timestamp":1.7431119325370703e+09,"_runtime":457.439600046,"_step":0,"regret":468.4611,"temperature":1.4258698937891192,"alpha":0.1886682946087774}