{"alpha":0.38957436596546424,"_timestamp":1.7430553090412645e+09,"_runtime":110.164221149,"_wandb":{"runtime":110},"_step":0,"regret":139.08459999999997,"temperature":0.10032372782628925}