{"_wandb":{"runtime":177},"regret":63.32340000000005,"temperature":0.1008462291010924,"alpha":0.4998080917382325,"_timestamp":1.743122587596936e+09,"_runtime":177.87392377,"_step":0}