{"epsilon":0.1495877696399019,"alpha":0.1070867160261237,"_timestamp":1.7430471183732402e+09,"_runtime":14.660082807,"_wandb":{"runtime":14},"_step":0,"regret":0.4785144}