{"epsilon":0.1,"alpha":0.15,"_timestamp":1.7430154396521263e+09,"_runtime":16.321279769,"_step":0,"_wandb":{"runtime":16},"mean_reward":0.6453935999999999}