{"temperature":0.5,"alpha":0.3,"_timestamp":1.743003142740383e+09,"_runtime":148.693385519,"_step":0,"_wandb":{"runtime":148},"mean_reward":-438.46080000000006}