{"_wandb":{"runtime":30},"_step":0,"regret":1.6754555,"temperature":1.4934704760198998,"alpha":0.12337787916143732,"_timestamp":1.7430983076513913e+09,"_runtime":30.523770972}