{"epsilon":0.01,"alpha":0.1,"_wandb":{"runtime":31},"_timestamp":1.7430139551076286e+09,"_runtime":31.484245734,"_step":0,"mean_reward":0.7486594}