{"_step":0,"regret":67.53960000000001,"_wandb":{"runtime":107},"alpha":0.2956758236029551,"epsilon":0.1278606368326844,"_timestamp":1.7431654153825066e+09,"_runtime":107.362179578}