{"regret":64.50329999999997,"temperature":0.1807253843736207,"alpha":0.4834116041578115,"_timestamp":1.7431212008009202e+09,"_wandb":{"runtime":177},"_runtime":177.538852684,"_step":0}