{"alpha":0.3619724773861752,"_wandb":{"runtime":76},"_timestamp":1.7431090469770765e+09,"_runtime":76.976059985,"_step":0,"regret":57.75200000000001,"epsilon":0.01066770098967255}