{"alpha":0.4349632215736582,"epsilon":0.14456740399488424,"_timestamp":1.743164617663368e+09,"_runtime":100.163714765,"_step":0,"_wandb":{"runtime":100},"regret":78.1107}