{"regret":0.21293799999999996,"epsilon":0.011226163946114975,"_wandb":{"runtime":49},"alpha":0.3460884580091683,"_timestamp":1.743095214262797e+09,"_runtime":49.607554268,"_step":0}