{"_step":0,"regret":56.547000000000025,"epsilon":0.011927897351887751,"alpha":0.36145280914243705,"_timestamp":1.7431085386858308e+09,"_runtime":81.853979446,"_wandb":{"runtime":81}}