{"temperature":0.7800986549127951,"_wandb":{"runtime":144},"_timestamp":1.7431752748046727e+09,"_runtime":144.877882397,"_step":0,"regret":114.30769999999998,"alpha":0.13684032443440908}