{"_step":0,"_wandb":{"runtime":48},"regret":113.30739999999997,"epsilon":0.010233162201356552,"alpha":0.4648930084140131,"_timestamp":1.7430511041735349e+09,"_runtime":48.778410363}