{"_wandb":{"runtime":188},"alpha":0.4835586302892675,"_timestamp":1.7431187805668738e+09,"_runtime":188.314517265,"_step":0,"regret":80.21570000000003,"temperature":0.2491376846733305}