{"_timestamp":1.7430447416974397e+09,"_wandb":{"runtime":30},"_runtime":30.828812284,"_step":0,"regret":1.340604,"temperature":0.5123584039958106,"alpha":0.3089186820816294}