{"temperature":0.5931297626406383,"_timestamp":1.743177208946591e+09,"_runtime":101.76049012,"_step":0,"regret":141.15879999999999,"_wandb":{"runtime":101},"alpha":0.3980975999191513}