{"_timestamp":1.7430453478919096e+09,"_wandb":{"runtime":14},"_runtime":14.609226686,"_step":0,"regret":1.6719918,"temperature":1.4998129835365637,"alpha":0.10834441947728808}