{"_runtime":4.967556426,"_wandb":{"runtime":4},"_step":0,"regret":183.8932,"alpha":0.32541510855071776,"epsilon":0.01183950868460392,"_timestamp":1.743061312537627e+09}