{"_step":0,"_wandb":{"runtime":116},"regret":162.89339999999999,"temperature":0.11093774553496775,"alpha":0.2915546387170367,"_timestamp":1.7430529142231886e+09,"_runtime":116.952223602}