{"_timestamp":1.7430154105443714e+09,"_runtime":18.443695994,"_step":0,"_wandb":{"runtime":18},"mean_reward":0.7253955999999999,"epsilon":0.05,"alpha":0.15}