{"_timestamp":1.7430132924980981e+09,"_runtime":28.504236549,"_wandb":{"runtime":28},"_step":0,"mean_reward":0.7575899999999999,"epsilon":0.01,"alpha":0.1}