{"_runtime":292.718052336,"_wandb":{"runtime":292},"_step":0,"mean_reward":-862.4282,"temperature":1,"alpha":0.1,"_timestamp":1.743002495612136e+09}