{"regret":1.6911356,"_wandb":{"runtime":15},"temperature":1.499889970033621,"alpha":0.26380455846573964,"_timestamp":1.7430460122285116e+09,"_runtime":15.160815792,"_step":0}