{"_wandb":{"runtime":96},"regret":143.33855,"alpha":0.47117289928364625,"temperature":1.357067801643055,"_timestamp":1.743176120422133e+09,"_runtime":96.889833514,"_step":0}