{"_runtime":14.733026995,"_step":0,"mean_reward":0.5351536,"epsilon":0.15,"alpha":0.1,"_wandb":{"runtime":14},"_timestamp":1.743015342652398e+09}