{"epsilon":0.13859731042738285,"_timestamp":1.7430613774894795e+09,"_runtime":16.249010868,"_step":0,"regret":129.41899999999998,"alpha":0.3588843560506604,"_wandb":{"runtime":16}}