{"_runtime":121.6235148,"_step":0,"_wandb":{"runtime":121},"mean_reward":-357.64459999999997,"temperature":0.1,"alpha":0.3,"_timestamp":1.7430029886469097e+09}