{"regret":59.8186,"epsilon":0.016481481222129935,"alpha":0.3588934653721064,"_wandb":{"runtime":75},"_timestamp":1.743108878979942e+09,"_runtime":75.479506792,"_step":0}