{"temperature":0.7447271165239907,"alpha":0.10386196683795182,"_timestamp":1.7430546706951413e+09,"_runtime":248.182299269,"_step":0,"_wandb":{"runtime":248},"regret":554.922}