{"alpha":0.3275178510948572,"_wandb":{"runtime":120},"_timestamp":1.7430588375160148e+09,"_runtime":120.122570726,"_step":0,"regret":170.62019999999995,"temperature":0.21320605033815507}