{"_wandb":{"runtime":96},"_step":0,"regret":143.81560000000002,"alpha":0.4554769316811011,"temperature":1.2884691906893018,"_timestamp":1.743177648056243e+09,"_runtime":96.568731924}