{"alpha":0.4975811027359892,"_timestamp":1.7430984108201077e+09,"_runtime":58.955366709,"_step":0,"_wandb":{"runtime":58},"regret":1.4027409,"temperature":0.5358305221184572}