{"alpha":0.4979236609747299,"_timestamp":1.7430549055112412e+09,"_runtime":112.460966164,"_step":0,"regret":142.9522,"_wandb":{"runtime":112},"temperature":0.21724611419113216}