{"_timestamp":1.743061277983893e+09,"_runtime":12.462142756,"_step":0,"_wandb":{"runtime":12},"regret":147.2772,"alpha":0.14893696064637055,"epsilon":0.1496863040648274}