{"_step":0,"regret":1.3316119,"temperature":0.5006691935942404,"_wandb":{"runtime":61},"alpha":0.24917943430674852,"_timestamp":1.7430978828951068e+09,"_runtime":61.694584206}