{"mean_reward":0.7253552,"epsilon":0.05,"alpha":0.3,"_timestamp":1.7430134105476694e+09,"_runtime":18.607166751,"_step":0,"_wandb":{"runtime":18}}