{"_wandb":{"runtime":45},"alpha":0.49065463196318915,"_timestamp":1.743095797770808e+09,"_runtime":45.083577976,"_step":0,"regret":0.32794010000000007,"epsilon":0.045081278952452314}