{"_timestamp":1.7430514312606878e+09,"_runtime":49.740267461,"_wandb":{"runtime":49},"_step":0,"regret":116.10559999999998,"epsilon":0.010175610147342832,"alpha":0.49327790183415976}