{"epsilon":0.1,"alpha":0.1,"_timestamp":1.7430140021998703e+09,"_runtime":14.904506839,"_step":0,"mean_reward":0.6564515999999999,"_wandb":{"runtime":14}}