{"_timestamp":1.7430993245514448e+09,"_runtime":50.706729613,"_step":0,"regret":1.4044663,"temperature":0.5867055942370332,"alpha":0.163433748502314,"_wandb":{"runtime":50}}