{"epsilon":0.13032940336914278,"_timestamp":1.7430796099245126e+09,"_runtime":38.22981995,"_step":0,"regret":111.2128,"_wandb":{"runtime":38},"alpha":0.22982452613136103}