{"_runtime":23.864379497,"_step":0,"regret":0.28519300000000003,"epsilon":0.02744467770585994,"alpha":0.16545688031552044,"_timestamp":1.7430479966552744e+09,"_wandb":{"runtime":23}}