{"temperature":1.3785428150382415,"_timestamp":1.7431768820534194e+09,"_runtime":157.361114021,"_step":0,"_wandb":{"runtime":157},"regret":107.7914,"alpha":0.4607857273523511}