{"regret":131.7226,"alpha":0.3791644760034051,"epsilon":0.11937373944222968,"_wandb":{"runtime":16},"_timestamp":1.743060983048579e+09,"_runtime":16.27010035,"_step":0}