{"_timestamp":1.7431660551481736e+09,"_runtime":37.405380455,"_step":0,"regret":157.72105,"alpha":0.3801861139620335,"epsilon":0.01004050923952467,"_wandb":{"runtime":37}}