{"_wandb":{"runtime":76},"regret":58.346600000000024,"epsilon":0.020130846659861604,"alpha":0.3832306192194497,"_timestamp":1.7431109723108048e+09,"_runtime":76.4079488,"_step":0}