{"regret":113.125,"alpha":0.29390103761311037,"epsilon":0.08494756692593314,"_timestamp":1.7430784967879336e+09,"_runtime":37.103671922,"_step":0,"_wandb":{"runtime":37}}