{"_step":0,"_wandb":{"runtime":181},"regret":72.08919999999995,"temperature":0.1915206431633702,"alpha":0.46944397871620647,"_timestamp":1.7431149012876546e+09,"_runtime":181.085536868}