{"_wandb":{"runtime":56},"_runtime":56.691495054,"_step":0,"regret":163.72340000000003,"epsilon":0.10637161515062796,"alpha":0.29401055878259597,"_timestamp":1.743051712397216e+09}