{"regret":1.2799556,"_wandb":{"runtime":25},"temperature":0.5238004402757517,"alpha":0.12503002339964372,"_timestamp":1.7430450606771488e+09,"_runtime":25.322789646,"_step":0}