{"_step":0,"regret":228.54599999999994,"epsilon":0.08862550294857052,"alpha":0.15685793074189283,"_timestamp":1.743051943591188e+09,"_wandb":{"runtime":64},"_runtime":64.933166536}