{"_wandb":{"runtime":86},"_step":0,"regret":98.89614999999999,"alpha":0.4982483293219073,"epsilon":0.09433182355250516,"_timestamp":1.7431641592304862e+09,"_runtime":86.440430161}