{"_timestamp":1.7430510427465398e+09,"_runtime":47.790071391,"_step":0,"regret":122.53379999999999,"epsilon":0.02447175201848213,"alpha":0.4393509494020682,"_wandb":{"runtime":47}}