{"epsilon":0.13685275380849143,"alpha":0.3440861947287517,"_timestamp":1.7430474698664715e+09,"_runtime":16.374807163,"_step":0,"_wandb":{"runtime":16},"regret":0.5093266000000001}