{"alpha":0.319985321203774,"_timestamp":1.7431220162818487e+09,"_runtime":405.896619301,"_step":0,"regret":407.1173,"temperature":1.4963845485129923,"_wandb":{"runtime":405}}