{"epsilon":0.04906061273230579,"alpha":0.28056216294151215,"_timestamp":1.7430494353768191e+09,"_wandb":{"runtime":53},"_runtime":53.21691372,"_step":0,"regret":153.56739999999996}