{"regret":0.4787804000000001,"epsilon":0.11841943290354522,"alpha":0.3859805430202242,"_timestamp":1.7430466434579048e+09,"_runtime":17.069111559,"_step":0,"_wandb":{"runtime":17}}