{"alpha":0.1120378289721399,"_timestamp":1.7430508715588117e+09,"_runtime":69.60412355,"_step":0,"_wandb":{"runtime":69},"regret":271.5426,"epsilon":0.010518371930037587}