{"_wandb":{"runtime":193},"regret":90.98940000000005,"temperature":0.3299585793433107,"alpha":0.39226762582235375,"_timestamp":1.7431147131603591e+09,"_runtime":193.393151321,"_step":0}