{"_wandb":{"runtime":79},"regret":64.2108,"epsilon":0.01001239418126702,"alpha":0.30378899921189206,"_timestamp":1.743110637615364e+09,"_runtime":79.942811108,"_step":0}