{"_wandb":{"runtime":30},"_timestamp":1.7430452369075253e+09,"_runtime":30.548203703,"_step":0,"regret":1.3455804,"temperature":0.5059227644945624,"alpha":0.485199241203247}