{"_step":0,"regret":131.4472,"alpha":0.2695628842666741,"epsilon":0.1462619222690867,"_wandb":{"runtime":18},"_timestamp":1.7430612195415533e+09,"_runtime":18.10162429}