{"epsilon":0.05,"alpha":0.1,"_wandb":{"runtime":76},"_timestamp":1.7430105583440576e+09,"_runtime":76.658950488,"_step":0,"mean_reward":-496.4132}