{"_step":0,"_wandb":{"runtime":48},"regret":1.4990972,"temperature":0.6620731220431316,"alpha":0.40709511571014256,"_timestamp":1.7430972505673182e+09,"_runtime":48.450243597}