{"mean_reward":-346.59360000000004,"epsilon":0.05,"alpha":0.3,"_timestamp":1.743010767226934e+09,"_runtime":54.837910765,"_wandb":{"runtime":54},"_step":0}