{"regret":1.2641666,"_wandb":{"runtime":23},"temperature":0.5057756813233653,"alpha":0.11652558890328982,"_timestamp":1.7430452934788556e+09,"_runtime":23.457709575,"_step":0}