{"_step":0,"_wandb":{"runtime":50},"regret":143.40639999999996,"epsilon":0.024757505284675144,"alpha":0.30154505113327235,"_timestamp":1.7430520515021212e+09,"_runtime":50.038525612}