{"_wandb":{"runtime":54},"regret":164.63099999999997,"epsilon":0.05928037271188643,"alpha":0.2535348119356321,"_timestamp":1.74304915206815e+09,"_runtime":54.912196057,"_step":0}