{"alpha":0.3,"_timestamp":1.7430140704760554e+09,"_runtime":19.09430394,"_step":0,"mean_reward":0.7035691999999999,"_wandb":{"runtime":19},"epsilon":0.05}