{"_wandb":{"runtime":24},"regret":0.25674680000000005,"epsilon":0.023659241995347465,"alpha":0.3428764060785956,"_timestamp":1.7430482553805923e+09,"_runtime":24.105505714,"_step":0}