{"_wandb":{"runtime":16},"_timestamp":1.743015567961796e+09,"_runtime":16.028451808,"_step":0,"mean_reward":0.49399799999999994,"epsilon":0.15,"alpha":0.3}