{"mean_reward":0.6951226,"_wandb":{"runtime":20},"epsilon":0.05,"alpha":0.1,"_timestamp":1.7430152994650311e+09,"_runtime":20.299077846,"_step":0}