{"regret":0.2265551,"epsilon":0.011020808443482523,"_wandb":{"runtime":52},"alpha":0.1446586585643315,"_timestamp":1.7430953380599148e+09,"_runtime":52.173284911,"_step":0}