{"_timestamp":1.743045453567656e+09,"_wandb":{"runtime":23},"_runtime":23.343352306,"_step":0,"regret":1.2250462,"temperature":0.5003489821697189,"alpha":0.10866169575604588}