{"_wandb":{"runtime":17},"regret":118.33239999999999,"alpha":0.3407895401862735,"epsilon":0.13710043295041618,"_timestamp":1.7430613578094625e+09,"_runtime":17.715113145,"_step":0}