{"_wandb":{"runtime":59},"alpha":0.1681568436378366,"_timestamp":1.7430989044240525e+09,"_runtime":59.136403542,"_step":0,"regret":1.3275875,"temperature":0.503208219141459}