{"_runtime":20.702518758,"_wandb":{"runtime":20},"_step":0,"mean_reward":0.5139284000000001,"epsilon":0.1,"alpha":0.5,"_timestamp":1.7430141939748769e+09}