{"_wandb":{"runtime":37},"_timestamp":1.7430943659552898e+09,"_runtime":37.926909213,"_step":0,"regret":0.46926009999999996,"epsilon":0.12136687812144252,"alpha":0.3627322617848917}