{"_runtime":43.369461473,"_step":0,"_wandb":{"runtime":43},"regret":154.37315,"alpha":0.20176609308129065,"epsilon":0.016648811370789662,"_timestamp":1.7431672303255155e+09}