{"_wandb":{"runtime":15},"regret":0.42915000000000014,"epsilon":0.12107180616304623,"alpha":0.2618697680489388,"_timestamp":1.7430482248237076e+09,"_runtime":15.377324417,"_step":0}