{"_timestamp":1.7430957004301655e+09,"_runtime":28.377220692,"_wandb":{"runtime":28},"_step":0,"regret":0.2681161000000001,"epsilon":0.0733530518603969,"alpha":0.10888321632372017}