{"temperature":1.49019399710236,"alpha":0.4974218870075484,"_wandb":{"runtime":31},"_timestamp":1.7430983457401466e+09,"_runtime":31.155571826,"_step":0,"regret":1.689197}