{"_wandb":{"runtime":16},"regret":127.59939999999999,"alpha":0.32607162722192307,"epsilon":0.1348840785409621,"_timestamp":1.7430613993854454e+09,"_runtime":16.24545298,"_step":0}