{"_runtime":96.922264093,"_step":0,"regret":85.431,"alpha":0.4828794215834755,"epsilon":0.12765866234710474,"_timestamp":1.743166522273748e+09,"_wandb":{"runtime":96}}