{"_step":0,"_wandb":{"runtime":133},"regret":207.6572,"temperature":0.3976596283639673,"alpha":0.3197819029073897,"_timestamp":1.7430541799515374e+09,"_runtime":133.450633521}