{"_timestamp":1.7430140946415136e+09,"_runtime":16.597682221,"_step":0,"_wandb":{"runtime":16},"mean_reward":0.5958929999999999,"epsilon":0.1,"alpha":0.3}