{"regret":0.35199900000000006,"epsilon":0.05645445134049995,"alpha":0.4778889460723138,"_timestamp":1.7430481076015637e+09,"_runtime":21.440010536,"_wandb":{"runtime":21},"_step":0}