{"_runtime":35.912637647,"_step":0,"_wandb":{"runtime":35},"regret":1.6306881,"temperature":1.0547942842654334,"alpha":0.3322497877555556,"_timestamp":1.743097333771245e+09}