{"regret":172.1026,"alpha":0.1235502615509005,"_wandb":{"runtime":7},"epsilon":0.09250158353198155,"_timestamp":1.74306189570337e+09,"_runtime":7.8077355,"_step":0}