{"alpha":0.4318465421386253,"epsilon":0.11228264279900033,"_timestamp":1.7431671783832629e+09,"_runtime":98.398904013,"_wandb":{"runtime":98},"_step":0,"regret":82.5528}