{"temperature":0.8,"alpha":0.9,"_wandb":{"runtime":192},"_timestamp":1.7430059229942167e+09,"_runtime":191.957145332,"_step":0,"mean_reward":-544.3796000000001}