{"regret":118.7198,"alpha":0.44353013719979095,"epsilon":0.1497187034294696,"_timestamp":1.7430610911416376e+09,"_runtime":19.08617813,"_wandb":{"runtime":19},"_step":0}