{"alpha":0.10628928984951164,"_timestamp":1.7431079927700498e+09,"_runtime":107.031387273,"_step":0,"regret":156.0401,"_wandb":{"runtime":107},"epsilon":0.01242543586736874}