{"alpha":0.35073319406296144,"_timestamp":1.7430527916864269e+09,"_wandb":{"runtime":123},"_runtime":123.1264535,"_step":0,"regret":153.54740000000004,"temperature":0.142591826771441}