{"_step":0,"regret":60.125099999999975,"epsilon":0.020919579709390457,"alpha":0.4618206596438169,"_timestamp":1.7431073568296149e+09,"_runtime":82.897006806,"_wandb":{"runtime":82}}