{"_step":0,"regret":1.4569428,"temperature":0.6526578151145371,"_wandb":{"runtime":25},"alpha":0.2488489538060925,"_timestamp":1.7430446654051678e+09,"_runtime":25.689123541}