{"alpha":0.4645632084147931,"_timestamp":1.7431083647104256e+09,"_runtime":76.722009121,"_step":0,"_wandb":{"runtime":76},"regret":57.58240000000001,"epsilon":0.01410980005118911}