{"_step":0,"regret":1.5258797999999998,"temperature":0.683661706887109,"_wandb":{"runtime":50},"alpha":0.4100426072568961,"_timestamp":1.7430971512050126e+09,"_runtime":50.052154908}