{"epsilon":0.11829996608409636,"alpha":0.3545162567216984,"_wandb":{"runtime":33},"_timestamp":1.7430944890365996e+09,"_runtime":32.999477999,"_step":0,"regret":0.42781650000000004}