{"_step":0,"regret":1.4859244,"temperature":0.6482658365671582,"_wandb":{"runtime":47},"alpha":0.23730705241891528,"_timestamp":1.743098595343963e+09,"_runtime":47.77038687}