{"_wandb":{"runtime":24},"regret":1.2639719999999999,"temperature":0.5011166033698886,"alpha":0.1279025824395359,"_timestamp":1.743045198844699e+09,"_runtime":24.44159833,"_step":0}