{"_timestamp":1.7431737805162911e+09,"_runtime":174.020802333,"_step":0,"_wandb":{"runtime":174},"regret":97.57539999999999,"alpha":0.2044206871536398,"temperature":1.3021250699226277}