{"_timestamp":1.7431210160636055e+09,"_runtime":199.676476775,"_step":0,"_wandb":{"runtime":199},"regret":100.6291,"temperature":0.3415699439278037,"alpha":0.35470333280458977}