{"_step":0,"regret":0.2102775,"epsilon":0.016050675780355295,"alpha":0.33020544810112773,"_timestamp":1.7430948090658357e+09,"_runtime":44.780649684,"_wandb":{"runtime":44}}