{"epsilon":0.08909383024796376,"_timestamp":1.7430613335682752e+09,"_runtime":15.288447763,"_step":0,"regret":133.07,"alpha":0.4983896752271568,"_wandb":{"runtime":15}}