{"_wandb":{"runtime":313},"mean_reward":-888.249,"temperature":1.5,"alpha":0.9,"_timestamp":1.7430064609000819e+09,"_runtime":313.232625669,"_step":0}