{"alpha":0.31726253059948256,"epsilon":0.1355236765449487,"_timestamp":1.7431679123810787e+09,"_runtime":107.724254237,"_step":0,"_wandb":{"runtime":107},"regret":71.1552}