{"_timestamp":1.7430141696721146e+09,"_runtime":23.280017895,"_step":0,"mean_reward":0.6574490000000001,"epsilon":0.05,"alpha":0.5,"_wandb":{"runtime":23}}