{"_timestamp":1.7430792520387828e+09,"_runtime":26.851565109,"_step":0,"_wandb":{"runtime":26},"regret":138.7459,"alpha":0.2597914543947927,"epsilon":0.05192664097859235}