{"_wandb":{"runtime":46},"_step":0,"regret":115.63819999999998,"epsilon":0.017744532590637067,"alpha":0.4630791325450651,"_timestamp":1.7430519948495867e+09,"_runtime":46.867726958}