{"_step":0,"_wandb":{"runtime":38},"regret":0.23183659999999995,"epsilon":0.0338280151492486,"alpha":0.10050048489489116,"_timestamp":1.7430950907852414e+09,"_runtime":38.104137009}