{"_wandb":{"runtime":104},"_timestamp":1.7431651834849856e+09,"_runtime":104.520048631,"_step":0,"regret":71.78645000000002,"alpha":0.2412562491048196,"epsilon":0.12762950753863003}