{"mean_reward":0.711219,"epsilon":0.01,"alpha":0.3,"_wandb":{"runtime":33},"_timestamp":1.743015499541666e+09,"_runtime":33.043104765,"_step":0}