{"alpha":0.3449707387054681,"_wandb":{"runtime":190},"_timestamp":1.7431213980119789e+09,"_runtime":190.145419594,"_step":0,"regret":80.97630000000004,"temperature":0.19551265185808317}