{"temperature":0.6409070445342875,"alpha":0.24232026181209565,"_timestamp":1.7430993847379553e+09,"_wandb":{"runtime":52},"_runtime":52.162784339,"_step":0,"regret":1.4745268999999999}