{"epsilon":0.07285691621318842,"alpha":0.1846138329429271,"_timestamp":1.743107087456861e+09,"_runtime":95.048999631,"_wandb":{"runtime":95},"_step":0,"regret":105.71269999999998}