{"regret":0.37544080000000013,"epsilon":0.06851459463308865,"alpha":0.3797210539598399,"_timestamp":1.7430479241611397e+09,"_runtime":20.456920027,"_step":0,"_wandb":{"runtime":20}}