{"epsilon":0.08637924249907648,"_wandb":{"runtime":26},"_timestamp":1.7430790394066727e+09,"_runtime":26.897095564,"_step":0,"regret":138.464,"alpha":0.15053752391614272}