{"_step":0,"regret":0.4171374000000001,"epsilon":0.1495812046526239,"alpha":0.1024180550450943,"_timestamp":1.7430958636705766e+09,"_runtime":27.547120086,"_wandb":{"runtime":27}}