{"regret":0.28639939999999997,"epsilon":0.030385615297494353,"alpha":0.1726125709560531,"_timestamp":1.743047701955192e+09,"_runtime":24.225782512,"_step":0,"_wandb":{"runtime":24}}