{"_step":0,"regret":182.512,"_wandb":{"runtime":5},"alpha":0.15177042795824724,"epsilon":0.03591721007104631,"_timestamp":1.7430615695779364e+09,"_runtime":5.11252859}