{"alpha":0.4934207162360836,"_timestamp":1.7431139292355845e+09,"_runtime":176.952372844,"_step":0,"_wandb":{"runtime":176},"regret":63.51729999999998,"temperature":0.10613693970690656}