{"regret":141.32319999999993,"epsilon":0.07798401235981463,"alpha":0.423820845333964,"_wandb":{"runtime":50},"_timestamp":1.7430502657521296e+09,"_runtime":50.736041613,"_step":0}