{"_wandb":{"runtime":75},"regret":55.66039999999998,"epsilon":0.010567302196376048,"alpha":0.4446886363548619,"_timestamp":1.7431112254962163e+09,"_runtime":75.648303142,"_step":0}