{"_runtime":79.522954534,"_step":0,"_wandb":{"runtime":79},"regret":71.38559999999995,"epsilon":0.010033658901507456,"alpha":0.2660021470412768,"_timestamp":1.7431095055096047e+09}