{"regret":127.1219,"alpha":0.39288208090147647,"epsilon":0.04368776705377627,"_timestamp":1.743079331267991e+09,"_runtime":31.29781452,"_step":0,"_wandb":{"runtime":31}}