{"regret":67.15819999999997,"_wandb":{"runtime":79},"epsilon":0.0242599392828318,"alpha":0.3010223274059417,"_timestamp":1.7431094129393313e+09,"_runtime":79.49806858,"_step":0}