{"_step":0,"regret":133.9924,"alpha":0.47054746445511664,"_wandb":{"runtime":28},"epsilon":0.03693517222430476,"_timestamp":1.743078203472547e+09,"_runtime":28.656242184}