{"alpha":0.20616205773735397,"epsilon":0.1480006083440931,"_timestamp":1.743061711308341e+09,"_runtime":13.512352635,"_step":0,"_wandb":{"runtime":13},"regret":140.0472}