{"_wandb":{"runtime":100},"regret":142.27525000000003,"alpha":0.3324333826536662,"temperature":0.2850477677328529,"_timestamp":1.7431773184450374e+09,"_runtime":100.25923408,"_step":0}