{"_runtime":107.284624313,"_step":0,"_wandb":{"runtime":107},"regret":125.654,"temperature":0.12902458761271568,"alpha":0.48793429532871346,"_timestamp":1.743058284889917e+09}