{"epsilon":0.06294748027079496,"_wandb":{"runtime":22},"alpha":0.4106699121100732,"_timestamp":1.7430468603275745e+09,"_runtime":22.526728927,"_step":0,"regret":0.36824579999999996}