{"_timestamp":1.7431674462297344e+09,"_runtime":101.858725447,"_wandb":{"runtime":101},"_step":0,"regret":78.27894999999998,"alpha":0.48439801919641146,"epsilon":0.1200643765901951}