{"_step":0,"regret":167.8216,"epsilon":0.1420612773372494,"alpha":0.33129887748239706,"_timestamp":1.74304909372033e+09,"_runtime":58.272155214,"_wandb":{"runtime":58}}