{"epsilon":0.0128048858778078,"alpha":0.4496372538423049,"_wandb":{"runtime":76},"_timestamp":1.7431096772499726e+09,"_runtime":76.055829459,"_step":0,"regret":57.636799999999994}