{"alpha":0.5,"_wandb":{"runtime":43},"_timestamp":1.7430156164184136e+09,"_runtime":43.275274674,"_step":0,"mean_reward":0.615732,"epsilon":0.01}