{"_timestamp":1.7431764467062716e+09,"_runtime":115.711208994,"_step":0,"_wandb":{"runtime":115},"regret":132.3028,"alpha":0.42825695783142714,"temperature":0.7529486349254072}