{"_step":0,"mean_reward":0.609064,"epsilon":0.1,"_wandb":{"runtime":17},"alpha":0.1,"_timestamp":1.7430133463808756e+09,"_runtime":17.617342229}