{"regret":132.27659999999997,"temperature":0.11419279574144656,"alpha":0.44749351583689545,"_timestamp":1.7430537614643037e+09,"_runtime":111.601765439,"_step":0,"_wandb":{"runtime":111}}