{"_runtime":20.404421999,"_step":0,"regret":0.3479306,"epsilon":0.06643287751987063,"alpha":0.3302651595654887,"_timestamp":1.7430466952123294e+09,"_wandb":{"runtime":20}}