{"_step":0,"regret":133.79080000000005,"epsilon":0.05152308830475457,"alpha":0.4993540141857624,"_timestamp":1.7430497168773375e+09,"_wandb":{"runtime":49},"_runtime":49.925714219}