{"_wandb":{"runtime":131},"regret":123.1897,"alpha":0.1556941660563271,"temperature":1.118899712468242,"_timestamp":1.7431746850996351e+09,"_runtime":131.130863897,"_step":0}