{"regret":153.78719999999998,"alpha":0.20719003247251871,"epsilon":0.04219421292868376,"_timestamp":1.7430784445622249e+09,"_wandb":{"runtime":20},"_runtime":20.843603837,"_step":0}