{"regret":95.57299999999998,"epsilon":0.09683649147595022,"alpha":0.49267717669330535,"_timestamp":1.7431092319891202e+09,"_runtime":84.926548058,"_wandb":{"runtime":84},"_step":0}