{"_wandb":{"runtime":100},"_runtime":100.779724091,"_step":0,"regret":76.02485,"alpha":0.2810044763129832,"epsilon":0.13116887379112438,"_timestamp":1.743165521661197e+09}