{"epsilon":0.10287646175554416,"_timestamp":1.7430608948132584e+09,"_runtime":8.853902582,"_step":0,"regret":165.8362,"alpha":0.15986577919689884,"_wandb":{"runtime":8}}