{"_step":0,"regret":92.89179999999998,"alpha":0.15403940141080463,"_wandb":{"runtime":181},"temperature":1.0011970652383195,"_timestamp":1.7431718601834874e+09,"_runtime":181.08520639}