{"regret":133.86220000000003,"temperature":0.16455131222164382,"alpha":0.48304925491830975,"_timestamp":1.743055564066036e+09,"_runtime":108.996343148,"_wandb":{"runtime":108},"_step":0}