{"temperature":1.4859920799419415,"alpha":0.4953250846990453,"_timestamp":1.7430455868993163e+09,"_runtime":15.558042157,"_step":0,"regret":1.6848836,"_wandb":{"runtime":15}}