{"_step":0,"regret":1.2860133999999999,"temperature":0.5017308242701396,"alpha":0.10803333632659778,"_timestamp":1.7430982685463927e+09,"_runtime":55.757073892,"_wandb":{"runtime":55}}