{"_wandb":{"runtime":39},"_step":0,"regret":107.3772,"alpha":0.31570560372989886,"epsilon":0.08609602814714709,"_timestamp":1.7430783451416357e+09,"_runtime":39.3090106}