{"epsilon":0.12823545553887167,"_timestamp":1.743079518204263e+09,"_runtime":38.493429272,"_step":0,"_wandb":{"runtime":38},"regret":109.3609,"alpha":0.28980023602186}