{"temperature":0.2154919120394112,"alpha":0.4690472629550856,"_timestamp":1.743056617522458e+09,"_runtime":113.858200745,"_wandb":{"runtime":113},"_step":0,"regret":149.76259999999996}