{"alpha":0.3286522795176561,"epsilon":0.14709888628949064,"_timestamp":1.7430614649588091e+09,"_runtime":17.727197056,"_step":0,"_wandb":{"runtime":17},"regret":119.8002}