{"alpha":0.403197081186111,"_timestamp":1.7430550392075067e+09,"_runtime":129.352923489,"_step":0,"regret":197.5086,"temperature":0.4522865908815189,"_wandb":{"runtime":129}}