{"alpha":0.3655371856605947,"_timestamp":1.7431097659446626e+09,"_runtime":81.624896709,"_step":0,"regret":71.17569999999995,"epsilon":0.0501709000281813,"_wandb":{"runtime":81}}