{"_step":0,"regret":99.40280000000001,"epsilon":0.1496607385059487,"alpha":0.3411795628295529,"_timestamp":1.7431103730004792e+09,"_wandb":{"runtime":86},"_runtime":86.533788542}