{"_step":0,"_wandb":{"runtime":28},"regret":1.2956982,"temperature":0.5043748464087802,"alpha":0.15716233499447418,"_timestamp":1.7430450039331315e+09,"_runtime":28.32117642}