{"_runtime":40.933799634,"_step":0,"_wandb":{"runtime":40},"regret":103.3214,"alpha":0.3841776799094552,"epsilon":0.1292738349305969,"_timestamp":1.7430797514325194e+09}