{"temperature":0.14445224357881323,"alpha":0.4999748607650229,"_timestamp":1.7430561063411899e+09,"_wandb":{"runtime":110},"_runtime":110.127943845,"_step":0,"regret":136.4078}