{"regret":146.42159999999996,"temperature":0.1664510518900008,"_wandb":{"runtime":114},"alpha":0.40897531790730624,"_timestamp":1.7430567394821365e+09,"_runtime":113.967238041,"_step":0}