{"_timestamp":1.7430540382769315e+09,"_runtime":151.878455287,"_step":0,"_wandb":{"runtime":151},"regret":269.1276,"temperature":0.7700617825551763,"alpha":0.49870201683181736}