{"_step":0,"regret":91.97720000000001,"alpha":0.293648771331387,"epsilon":0.14854359137664336,"_timestamp":1.74307783326992e+09,"_wandb":{"runtime":47},"_runtime":47.45790033}