{"_step":0,"_wandb":{"runtime":40},"regret":105.34120000000001,"alpha":0.4886512816778098,"epsilon":0.10556262170014484,"_timestamp":1.743078856040674e+09,"_runtime":40.35781988}