{"_runtime":56.324134675,"_step":0,"_wandb":{"runtime":56},"regret":135.42515,"alpha":0.19943840743936725,"epsilon":0.04699625261566981,"_timestamp":1.7431677974913664e+09}