{"_runtime":18.763602256,"_step":0,"mean_reward":0.7469336000000001,"epsilon":0.05,"alpha":0.1,"_timestamp":1.7430133241609497e+09,"_wandb":{"runtime":18}}