{"_wandb":{"runtime":58},"_timestamp":1.743098079568826e+09,"_runtime":58.706821625,"_step":0,"regret":1.3173658,"temperature":0.512706186514548,"alpha":0.1556409194431757}