{"_timestamp":1.7430974772051272e+09,"_runtime":51.869775534,"_step":0,"regret":1.4871719,"temperature":0.6256112770493967,"alpha":0.4079972034043705,"_wandb":{"runtime":51}}