{"epsilon":0.12022532262606726,"_timestamp":1.7430608641748528e+09,"_wandb":{"runtime":14},"_runtime":14.664738442,"_step":0,"regret":140.0112,"alpha":0.2180536093535928}