{"alpha":0.3189092290719764,"_timestamp":1.743048288231529e+09,"_wandb":{"runtime":25},"_runtime":25.180274022,"_step":0,"regret":0.26268500000000006,"epsilon":0.0207602438468217}