{"_step":0,"_wandb":{"runtime":104},"regret":72.24754999999999,"alpha":0.3058170333792065,"epsilon":0.14968639480917076,"_timestamp":1.7431648441816614e+09,"_runtime":104.661655916}