{"_wandb":{"runtime":98},"temperature":0.7987921184737756,"_timestamp":1.7431765521406538e+09,"_runtime":98.729181381,"_step":0,"regret":142.71735,"alpha":0.2874463683238605}