{"_timestamp":1.743051763962204e+09,"_runtime":46.23834003,"_step":0,"regret":117.03679999999997,"epsilon":0.01018080251714331,"_wandb":{"runtime":46},"alpha":0.4593494675494864}