{"_wandb":{"runtime":77},"regret":59.17529999999999,"epsilon":0.011743150220563676,"alpha":0.48925587446805896,"_timestamp":1.7431076114548264e+09,"_runtime":77.332138969,"_step":0}