{"_runtime":15.892988222,"_step":0,"regret":128.601,"alpha":0.46588451691489896,"_wandb":{"runtime":15},"epsilon":0.09932425838164068,"_timestamp":1.7430617951172638e+09}