{"_wandb":{"runtime":197},"_runtime":197.412588924,"_step":0,"regret":92.59879999999993,"temperature":0.10610910263009168,"alpha":0.2512583647472768,"_timestamp":1.74311778700798e+09}