{"temperature":0.2109255628070834,"alpha":0.44799334000139146,"_timestamp":1.7431222079276347e+09,"_wandb":{"runtime":184},"_runtime":184.491842723,"_step":0,"regret":74.52530000000007}