{"_step":0,"regret":0.2045106,"epsilon":0.02419329241934673,"alpha":0.14644869371331548,"_timestamp":1.7430961915165694e+09,"_runtime":72.27641903,"_wandb":{"runtime":72}}