{"_wandb":{"runtime":42},"regret":98.99320000000002,"alpha":0.3763952572685044,"epsilon":0.13723870097471152,"_timestamp":1.7430783973773105e+09,"_runtime":42.8761965,"_step":0}