{"_wandb":{"runtime":31},"_step":0,"regret":1.693754,"temperature":1.4854999253233916,"alpha":0.3381321798205206,"_timestamp":1.7430996025678144e+09,"_runtime":31.504915855}