{"_runtime":259.594583027,"_wandb":{"runtime":259},"_step":0,"mean_reward":-774.0512000000001,"temperature":1.5,"alpha":0.3,"_timestamp":1.7430037934582765e+09}