{"alpha":0.1712466253393813,"_timestamp":1.743095959400673e+09,"_runtime":32.818978589,"_step":0,"regret":0.23139220000000005,"_wandb":{"runtime":32},"epsilon":0.04749437215879255}