{"alpha":0.4220597706451601,"epsilon":0.07408405348122504,"_wandb":{"runtime":12},"_timestamp":1.7430618804233215e+09,"_runtime":12.912307078,"_step":0,"regret":142.25979999999998}