{"alpha":0.2566577550911002,"_timestamp":1.7431107229887064e+09,"_runtime":79.38931397,"_step":0,"regret":75.6574,"epsilon":0.038494061837255386,"_wandb":{"runtime":79}}