{"_wandb":{"runtime":77},"regret":71.20019999999994,"epsilon":0.053552163965563594,"alpha":0.41470053130437057,"_timestamp":1.7431087974927957e+09,"_runtime":77.820942559,"_step":0}