{"_runtime":17.81517546,"_step":0,"regret":126.0936,"alpha":0.4901015059054137,"_wandb":{"runtime":17},"epsilon":0.11254536423928176,"_timestamp":1.7430610363120859e+09}