{"_wandb":{"runtime":18},"_step":0,"regret":122.715,"alpha":0.3323811851885994,"epsilon":0.14826581208169887,"_timestamp":1.7430611969738586e+09,"_runtime":18.633041432}