{"_timestamp":1.743096782781598e+09,"_runtime":35.796540599,"_step":0,"_wandb":{"runtime":35},"regret":0.22441129999999998,"epsilon":0.0380017911224301,"alpha":0.18206374685918403}