{"_wandb":{"runtime":206},"regret":107.11349999999999,"temperature":0.26283133762049193,"alpha":0.2491155222920515,"_timestamp":1.7431175845022504e+09,"_runtime":206.230183845,"_step":0}