{"regret":73.47325000000002,"alpha":0.3992484063625176,"epsilon":0.14943653905814913,"_timestamp":1.7431644026167316e+09,"_wandb":{"runtime":112},"_runtime":112.703826059,"_step":0}