{"_step":0,"mean_reward":0.702576,"epsilon":0.01,"alpha":0.15,"_wandb":{"runtime":34},"_timestamp":1.7430153839742813e+09,"_runtime":34.069597229}