{"epsilon":0.026068113387300973,"_timestamp":1.7430616920340953e+09,"_runtime":4.491931786,"_step":0,"regret":185.072,"_wandb":{"runtime":4},"alpha":0.13749394791717007}