{"alpha":0.18637203890188545,"_timestamp":1.743094993730657e+09,"_runtime":53.134884374,"_step":0,"regret":0.2212921,"epsilon":0.010139707198068938,"_wandb":{"runtime":53}}