{"_step":0,"_wandb":{"runtime":263},"mean_reward":-779.316,"temperature":0.8,"alpha":0.1,"_timestamp":1.7430021901967695e+09,"_runtime":263.934720845}