{"alpha":0.1,"_timestamp":1.7430016779468095e+09,"_runtime":184.2676101,"_step":0,"mean_reward":-531.408,"_wandb":{"runtime":184},"temperature":0.1}