{"_runtime":74.988099553,"_step":0,"_wandb":{"runtime":74},"regret":0.2706505,"epsilon":0.010468668403456885,"alpha":0.2266579878037983,"_timestamp":1.7430966843475986e+09}