{"regret":110.55590000000001,"temperature":0.457596681833948,"alpha":0.49965881158595093,"_timestamp":1.7431196231584394e+09,"_wandb":{"runtime":208},"_runtime":208.368903896,"_step":0}