{"temperature":1.5,"alpha":0.1,"_wandb":{"runtime":361},"_timestamp":1.7430028623696108e+09,"_runtime":361.341731093,"_step":0,"mean_reward":-1071.454}