{"_runtime":19.0697321,"_step":0,"_wandb":{"runtime":19},"regret":0.30953739999999996,"epsilon":0.06267411104117875,"alpha":0.30454959331364495,"_timestamp":1.743046667291733e+09}