{"alpha":0.16565412019074532,"temperature":0.7121621247278479,"_wandb":{"runtime":75},"_timestamp":1.7431760096438763e+09,"_runtime":75.139661715,"_step":0,"regret":156.41065}