{"_step":0,"regret":0.23987730000000007,"epsilon":0.04842823531115515,"alpha":0.20711925935305792,"_wandb":{"runtime":36},"_timestamp":1.7430964666125312e+09,"_runtime":36.524803205}