{"regret":83.257,"_wandb":{"runtime":190},"temperature":0.2534229363817097,"alpha":0.4986080259346207,"_timestamp":1.7431224047131257e+09,"_runtime":190.167393242,"_step":0}