{"_step":0,"regret":1.347291,"temperature":0.5074384303205035,"_wandb":{"runtime":30},"alpha":0.3866294914416176,"_timestamp":1.743045878222464e+09,"_runtime":30.657907823}