{"temperature":1.281945762896792,"alpha":0.45156111001763555,"_timestamp":1.7431125434537852e+09,"_runtime":343.697878336,"_wandb":{"runtime":343},"_step":0,"regret":312.5615}