{"_timestamp":1.7431183920547051e+09,"_wandb":{"runtime":216},"_runtime":216.647935092,"_step":0,"regret":123.27570000000003,"temperature":0.516305761527094,"alpha":0.4241289794754672}