{"_wandb":{"runtime":8},"regret":165.5786,"alpha":0.4984713481831165,"epsilon":0.028366674629373284,"_timestamp":1.743060938743653e+09,"_runtime":8.955692523,"_step":0}