{"_runtime":26.480386208,"_step":0,"_wandb":{"runtime":26},"regret":1.4089172,"temperature":0.5889742961524318,"alpha":0.38477955360902727,"_timestamp":1.7430461126383848e+09}