{"_wandb":{"runtime":42},"alpha":0.4979150616645157,"_timestamp":1.7430969384735065e+09,"_runtime":42.033185121,"_step":0,"regret":0.3932673,"epsilon":0.06597854046533609}