{"_timestamp":1.7430618154754608e+09,"_runtime":14.758265748,"_step":0,"regret":132.90699999999998,"alpha":0.3781806809139303,"epsilon":0.11024601296287365,"_wandb":{"runtime":14}}