{"regret":277.47219999999993,"temperature":0.14722398350142368,"alpha":0.13944218002039166,"_timestamp":1.743052662077912e+09,"_wandb":{"runtime":158},"_runtime":158.04610887,"_step":0}