{"_timestamp":1.743045814798221e+09,"_wandb":{"runtime":27},"_runtime":27.439246379,"_step":0,"regret":1.2800606,"temperature":0.5010594947057866,"alpha":0.18041172286392873}