{"regret":1.5422943999999998,"temperature":0.7815020096058952,"alpha":0.1368818324081541,"_wandb":{"runtime":44},"_timestamp":1.7430992677089705e+09,"_runtime":44.505940635,"_step":0}