{"_wandb":{"runtime":86},"temperature":0.8036909965952943,"_timestamp":1.7431777482518895e+09,"_runtime":86.368099228,"_step":0,"regret":150.43874999999997,"alpha":0.3224172651352436}