{"_runtime":32.290800906,"_step":0,"regret":0.35426670000000005,"epsilon":0.0961209587381539,"alpha":0.28093162281304435,"_timestamp":1.7430944075467572e+09,"_wandb":{"runtime":32}}