{"_wandb":{"runtime":78},"_runtime":78.522320028,"_step":0,"regret":64.04519999999997,"epsilon":0.02295101082731326,"alpha":0.4987256651131563,"_timestamp":1.743109139041933e+09}