{"_runtime":16.339686273,"_step":0,"regret":1.6831787999999999,"temperature":1.3535487472743934,"alpha":0.2705398955916398,"_wandb":{"runtime":16},"_timestamp":1.743044519204109e+09}