{"_runtime":38.514661556,"_step":0,"regret":108.1631,"alpha":0.37610543596016355,"epsilon":0.08418128829300091,"_wandb":{"runtime":38},"_timestamp":1.7430791782091858e+09}