{"_wandb":{"runtime":51},"_runtime":51.354747388,"_step":0,"regret":0.21977590000000014,"epsilon":0.010759209438249626,"alpha":0.3010857063843996,"_timestamp":1.7430953969617333e+09}