{"_timestamp":1.743011003950939e+09,"_runtime":57.25298524,"_step":0,"_wandb":{"runtime":57},"mean_reward":-358.78159999999997,"epsilon":0.1,"alpha":0.5}