{"regret":81.20530000000001,"alpha":0.3962792051484394,"epsilon":0.07867071478664348,"_timestamp":1.7431676207466888e+09,"_runtime":99.539668579,"_step":0,"_wandb":{"runtime":99}}