{"_timestamp":1.7430518733662245e+09,"_runtime":45.467548195,"_step":0,"regret":114.80399999999997,"_wandb":{"runtime":45},"epsilon":0.010385129963689042,"alpha":0.47144737335502906}