{"_step":0,"regret":131.62150000000003,"temperature":0.6016757311408362,"_wandb":{"runtime":223},"alpha":0.4937032723173588,"_timestamp":1.7431151286557896e+09,"_runtime":223.199209529}