{"_wandb":{"runtime":31},"_timestamp":1.743046175302764e+09,"_runtime":31.04232919,"_step":0,"regret":1.3646206,"temperature":0.510629998397505,"alpha":0.49907677836858255}