{"alpha":0.4069424404061393,"epsilon":0.1457722737455825,"_wandb":{"runtime":41},"_timestamp":1.7430795664490225e+09,"_runtime":41.81492994,"_step":0,"regret":100.3724}