{"_runtime":180.494937383,"_step":0,"_wandb":{"runtime":180},"regret":93.10214999999997,"alpha":0.34617736484823936,"temperature":1.326071998873921,"_timestamp":1.7431733060291688e+09}