{"_wandb":{"runtime":109},"regret":133.35980000000006,"temperature":0.10225902297170077,"alpha":0.4529629624740775,"_timestamp":1.743056993899285e+09,"_runtime":109.313365165,"_step":0}