{"_step":0,"regret":56.89609999999999,"_wandb":{"runtime":75},"epsilon":0.01213092716079104,"alpha":0.45722228092873696,"_timestamp":1.7431076917206242e+09,"_runtime":75.740561703}