{"epsilon":0.049874996062932435,"_timestamp":1.7430616274719348e+09,"_runtime":4.951555081,"_step":0,"regret":183.513,"alpha":0.12721290151508335,"_wandb":{"runtime":4}}