{"alpha":0.4991557484703234,"_timestamp":1.7431143177668226e+09,"_runtime":179.153336884,"_wandb":{"runtime":179},"_step":0,"regret":65.63420000000002,"temperature":0.18378097109310845}