{"_runtime":33.212608188,"_step":0,"_wandb":{"runtime":33},"mean_reward":0.7047977999999999,"epsilon":0.01,"alpha":0.5,"_timestamp":1.7430141413775792e+09}