{"_timestamp":1.7431745494543176e+09,"_runtime":100.709466129,"_step":0,"_wandb":{"runtime":100},"regret":141.41725000000002,"alpha":0.336165519562618,"temperature":0.7087477591683433}