{"regret":99.83829999999999,"alpha":0.24819694332558837,"epsilon":0.13963677378450434,"_timestamp":1.7430780462067406e+09,"_wandb":{"runtime":42},"_runtime":42.670398196,"_step":0}