{"alpha":0.3359726225386704,"epsilon":0.09761683794856268,"_timestamp":1.7430615580093064e+09,"_wandb":{"runtime":16},"_runtime":16.282835776,"_step":0,"regret":125.90060000000001}