{"alpha":0.2862905486944829,"_timestamp":1.7430947105758913e+09,"_runtime":36.699022348,"_step":0,"_wandb":{"runtime":36},"regret":0.25540039999999997,"epsilon":0.04611253165686019}