{"_timestamp":1.74317592548691e+09,"_runtime":83.19451361,"_step":0,"_wandb":{"runtime":83},"regret":151.61555,"alpha":0.17574098673209293,"temperature":0.25868579521417356}