{"_timestamp":1.743096009617159e+09,"_runtime":36.052573848,"_step":0,"regret":0.21948129999999988,"_wandb":{"runtime":36},"epsilon":0.03477566055691594,"alpha":0.13967853551426593}