{"alpha":0.1,"_timestamp":1.7430104751036303e+09,"_runtime":81.108091035,"_step":0,"mean_reward":-494.73799999999994,"epsilon":0.01,"_wandb":{"runtime":81}}