{"_wandb":{"runtime":46},"regret":114.03120000000001,"epsilon":0.010424407441864037,"alpha":0.49950321894913574,"_timestamp":1.743050096891854e+09,"_runtime":46.7323323,"_step":0}