{"_timestamp":1.7430456667160726e+09,"_runtime":20.508789777,"_wandb":{"runtime":20},"_step":0,"regret":1.5621334,"temperature":0.8117286619183032,"alpha":0.3219414101751312}