{"_step":0,"_wandb":{"runtime":14},"regret":0.37199379999999993,"epsilon":0.11664392632495478,"alpha":0.11617942795937648,"_timestamp":1.743047869209586e+09,"_runtime":14.381119839}