{"_timestamp":1.743174268771891e+09,"_wandb":{"runtime":95},"_runtime":95.04606601,"_step":0,"regret":144.9932,"alpha":0.4064431257897497,"temperature":0.1514697242582491}