{"alpha":0.4889442977284043,"_wandb":{"runtime":106},"_timestamp":1.743059372582116e+09,"_runtime":106.227849222,"_step":0,"regret":128.16500000000002,"temperature":0.1285613362092386}