{"_timestamp":1.743061164978314e+09,"_runtime":17.430123114,"_wandb":{"runtime":17},"_step":0,"regret":126.68939999999999,"alpha":0.4608466646211853,"epsilon":0.14825480208756597}