{"alpha":0.1055500568695976,"_timestamp":1.74309879274061e+09,"_runtime":32.350894268,"_step":0,"_wandb":{"runtime":32},"regret":1.6243271,"temperature":1.1669691132905915}