{"epsilon":0.13065503944327597,"_timestamp":1.7430617580538094e+09,"_wandb":{"runtime":16},"_runtime":16.719590395,"_step":0,"regret":124.0458,"alpha":0.42781283617615984}