{"alpha":0.37419201493528587,"epsilon":0.14935761238273546,"_timestamp":1.743061120328157e+09,"_runtime":16.719476948,"_step":0,"regret":124.0998,"_wandb":{"runtime":16}}