{"_wandb":{"runtime":255},"_step":0,"mean_reward":-733.7736,"temperature":1.5,"alpha":0.7,"_timestamp":1.743005537250996e+09,"_runtime":255.816890558}