{"_wandb":{"runtime":82},"regret":82.75069999999994,"epsilon":0.05622014569014973,"alpha":0.4993355592533927,"_timestamp":1.7431074452706282e+09,"_runtime":82.38044748,"_step":0}