{"_wandb":{"runtime":36},"_step":0,"regret":115.70759999999999,"alpha":0.26436459889584685,"epsilon":0.09380487653411984,"_timestamp":1.7430788075097094e+09,"_runtime":36.119587868}