{"_runtime":169.65727471,"_wandb":{"runtime":169},"_step":0,"regret":317.4631999999999,"temperature":0.7736986556775267,"alpha":0.30024743820406463,"_timestamp":1.7430581726744335e+09}