{"temperature":0.10893422382659082,"alpha":0.4874175450895577,"_timestamp":1.743058712916265e+09,"_runtime":107.941760687,"_step":0,"_wandb":{"runtime":107},"regret":128.71479999999997}