{"regret":0.19653200000000004,"epsilon":0.026810230830751312,"alpha":0.12704393934833838,"_timestamp":1.7430965299187937e+09,"_runtime":45.10765934,"_step":0,"_wandb":{"runtime":45}}