{"_runtime":41.283798895,"_step":0,"regret":0.21838409999999997,"epsilon":0.0216415109348461,"alpha":0.1056392848249964,"_wandb":{"runtime":41},"_timestamp":1.743096110966932e+09}