{"regret":103.37230000000001,"alpha":0.3024075524580899,"epsilon":0.1487005073337417,"_timestamp":1.7430778807085583e+09,"_runtime":41.285246992,"_wandb":{"runtime":41},"_step":0}