{"_timestamp":1.7430134755275338e+09,"_runtime":34.984730076,"_step":0,"mean_reward":0.687153,"epsilon":0.01,"_wandb":{"runtime":34},"alpha":0.5}