{"_wandb":{"runtime":45},"regret":0.2573947000000001,"epsilon":0.02722441812558548,"alpha":0.36753616070400374,"_timestamp":1.7430952726969044e+09,"_runtime":45.040105901,"_step":0}