{"_runtime":51.715049408,"_step":0,"regret":0.22178320000000007,"epsilon":0.010558646301546131,"_wandb":{"runtime":51},"alpha":0.4236910382430843,"_timestamp":1.7430954628779533e+09}