{"alpha":0.48876244444685446,"_wandb":{"runtime":46},"_timestamp":1.743049923120664e+09,"_runtime":46.257764978,"_step":0,"regret":112.67419999999993,"epsilon":0.010198284194806262}