{"alpha":0.2811002745841956,"_timestamp":1.7430559929298828e+09,"_runtime":128.593544548,"_step":0,"_wandb":{"runtime":128},"regret":194.7398,"temperature":0.2580080733620361}