{"_runtime":119.863609582,"_step":0,"regret":130.3947,"alpha":0.32139572784174353,"_wandb":{"runtime":119},"temperature":1.1920772490185818,"_timestamp":1.743173905820699e+09}