{"regret":127.26,"alpha":0.3582978435249248,"temperature":1.1190559794915425,"_timestamp":1.7431741652063177e+09,"_runtime":123.722385229,"_step":0,"_wandb":{"runtime":123}}