{"_step":0,"_wandb":{"runtime":20},"regret":0.3041374000000001,"epsilon":0.056214109920026574,"alpha":0.27148507109469083,"_timestamp":1.7430469382036438e+09,"_runtime":20.060096305}