{"_timestamp":1.7430504050145912e+09,"_runtime":52.932989925,"_step":0,"regret":150.7088,"epsilon":0.09405280282488744,"_wandb":{"runtime":52},"alpha":0.49639977203480823}