{"regret":1.6785294,"temperature":1.2997944170481437,"alpha":0.3106710288535899,"_timestamp":1.743099210029745e+09,"_runtime":35.673003444,"_step":0,"_wandb":{"runtime":35}}