{"_runtime":30.11454876,"_step":0,"regret":0.2820028,"epsilon":0.011350360320949422,"alpha":0.2520963252552327,"_timestamp":1.7430470016096926e+09,"_wandb":{"runtime":30}}