{"_step":0,"regret":0.5101988,"epsilon":0.14708239268997242,"alpha":0.35101409280786466,"_timestamp":1.7430479680342004e+09,"_runtime":16.248677596,"_wandb":{"runtime":16}}