{"regret":188.5686,"temperature":0.8442946983814902,"alpha":0.4919479412788067,"_timestamp":1.7431208112792683e+09,"_runtime":259.041676238,"_step":0,"_wandb":{"runtime":259}}