{"_wandb":{"runtime":21},"regret":0.2736977999999999,"epsilon":0.03392892435967197,"alpha":0.2905500122568655,"_timestamp":1.743047406533321e+09,"_runtime":21.07908669,"_step":0}