{"temperature":0.2010135374877307,"alpha":0.371519583728339,"_wandb":{"runtime":188},"_timestamp":1.7431171789400315e+09,"_runtime":188.283609913,"_step":0,"regret":79.06680000000006}