{"epsilon":0.06253684170821827,"_timestamp":1.743163733091537e+09,"_runtime":95.410540808,"_step":0,"_wandb":{"runtime":95},"regret":91.4011,"alpha":0.38659521076594294}