{"alpha":0.44444618816912984,"epsilon":0.06941948093853285,"_timestamp":1.743163850519908e+09,"_runtime":99.810331557,"_step":0,"_wandb":{"runtime":99},"regret":82.13795}