{"alpha":0.4146465339789085,"_timestamp":1.7430477666555796e+09,"_runtime":18.280502938,"_step":0,"_wandb":{"runtime":18},"regret":0.3902612000000001,"epsilon":0.07962571198855943}