{"epsilon":0.010099923503199193,"alpha":0.40228885445817786,"_timestamp":1.7430506850153117e+09,"_runtime":47.155023862,"_step":0,"_wandb":{"runtime":47},"regret":120.58759999999995}