{"_timestamp":1.7430492296118913e+09,"_runtime":54.166430903,"_wandb":{"runtime":54},"_step":0,"regret":167.97719999999993,"epsilon":0.06424040784216228,"alpha":0.25431886415170474}