{"epsilon":0.013931485949810578,"alpha":0.4128481289502228,"_timestamp":1.7430481413920927e+09,"_wandb":{"runtime":28},"_runtime":28.090710833,"_step":0,"regret":0.2709304000000001}