{"epsilon":0.010600875958554402,"alpha":0.473170301100281,"_timestamp":1.7430518205044878e+09,"_runtime":43.815479434,"_step":0,"regret":110.80379999999997,"_wandb":{"runtime":43}}