{"_wandb":{"runtime":73},"_timestamp":1.7431656087498696e+09,"_runtime":73.210056364,"_step":0,"regret":112.3395,"alpha":0.11206549680010064,"epsilon":0.12240605875703772}