{"_timestamp":1.7430788901623168e+09,"_runtime":26.84249389,"_step":0,"_wandb":{"runtime":26},"regret":139.6526,"alpha":0.298013340377824,"epsilon":0.05378529861948674}