{"_wandb":{"runtime":38},"mean_reward":0.6574864,"epsilon":0.01,"alpha":0.1,"_timestamp":1.7430152652766352e+09,"_runtime":38.184346641,"_step":0}