{"regret":0.3768106,"epsilon":0.06165770054117693,"alpha":0.4867730185861258,"_timestamp":1.743047318530905e+09,"_wandb":{"runtime":21},"_runtime":21.879488593,"_step":0}