{"_step":0,"regret":0.22601939999999998,"epsilon":0.026696818764980368,"alpha":0.21491465658411252,"_timestamp":1.743095918159272e+09,"_runtime":41.316853665,"_wandb":{"runtime":41}}