{"_wandb":{"runtime":340},"_step":0,"regret":849.4156,"temperature":1.4761508820484817,"alpha":0.10061605249437044,"_timestamp":1.7430575857221699e+09,"_runtime":340.421556821}