{"_timestamp":1.7430585925770156e+09,"_runtime":187.414136856,"_step":0,"_wandb":{"runtime":187},"regret":377.6643999999999,"temperature":1.0630332718320288,"alpha":0.40453344436842054}