{"_wandb":{"runtime":49},"regret":135.04379999999998,"epsilon":0.010141459603938528,"alpha":0.30668321131340903,"_timestamp":1.7430504588829863e+09,"_runtime":49.542388759,"_step":0}