{"_timestamp":1.7430617345850208e+09,"_runtime":10.521882497,"_step":0,"_wandb":{"runtime":10},"regret":154.8572,"alpha":0.3449236958948724,"epsilon":0.055864322649743565}