{"regret":134.7964,"epsilon":0.05680300183594452,"_wandb":{"runtime":51},"alpha":0.4005063081595762,"_timestamp":1.7430516392673748e+09,"_runtime":51.338221927,"_step":0}