{"temperature":0.1170148231177378,"alpha":0.3614749142680891,"_timestamp":1.7431131979102666e+09,"_runtime":182.16335316,"_step":0,"_wandb":{"runtime":182},"regret":71.87309999999997}