{"_step":0,"regret":62.12609999999995,"epsilon":0.02769023202039688,"alpha":0.40064334072252694,"_wandb":{"runtime":76},"_timestamp":1.7431101901539938e+09,"_runtime":76.464271302}