{"_step":0,"regret":0.3154384,"epsilon":0.03200627251399714,"alpha":0.4236798782455401,"_wandb":{"runtime":25},"_timestamp":1.7430473495284932e+09,"_runtime":25.474732282}