{"_timestamp":1.7430591369062784e+09,"_runtime":111.796907074,"_step":0,"regret":137.815,"_wandb":{"runtime":111},"temperature":0.1282515928351379,"alpha":0.4820415240492259}