{"epsilon":0.02200833830221475,"alpha":0.3506858494291999,"_timestamp":1.7430507401358395e+09,"_runtime":50.554233298,"_step":0,"_wandb":{"runtime":50},"regret":132.00120000000004}