{"_runtime":18.470018575,"_step":0,"regret":1.4669352,"temperature":0.7512631860527859,"_wandb":{"runtime":18},"alpha":0.11643844261211823,"_timestamp":1.7430454847724183e+09}