{"_runtime":25.999425278,"_step":0,"_wandb":{"runtime":26},"regret":141.6935,"alpha":0.13671327060251937,"epsilon":0.110300028128844,"_timestamp":1.7430781681063926e+09}