{"_wandb":{"runtime":112},"_timestamp":1.7430578712130756e+09,"_runtime":112.082963935,"_step":0,"regret":147.28040000000004,"temperature":0.11268796689989576,"alpha":0.36742549860930496}