{"alpha":0.24511091599584067,"epsilon":0.11970196475682676,"_timestamp":1.7431664154947512e+09,"_runtime":106.264371992,"_step":0,"_wandb":{"runtime":106},"regret":73.68980000000002}