{"regret":137.858,"alpha":0.2466180324606536,"temperature":0.950555121051492,"_timestamp":1.7431755068198557e+09,"_runtime":106.692623904,"_step":0,"_wandb":{"runtime":106}}