{"_runtime":179.76394402,"_step":0,"regret":68.63440000000003,"temperature":0.12771945074113197,"_wandb":{"runtime":179},"alpha":0.490752927860075,"_timestamp":1.7431198160715203e+09}