{"_step":0,"_wandb":{"runtime":247},"regret":171.91270000000003,"temperature":0.381408294665513,"alpha":0.1660230012818113,"_timestamp":1.7431127964883747e+09,"_runtime":247.86296938}