{"_timestamp":1.743045991355061e+09,"_runtime":20.450587051,"_step":0,"_wandb":{"runtime":20},"regret":1.44451,"temperature":0.6735551406973299,"alpha":0.14243459103775524}