{"_runtime":77.016904496,"_step":0,"regret":60.42610000000002,"epsilon":0.01550234023674324,"alpha":0.477608185197841,"_timestamp":1.7431110577623496e+09,"_wandb":{"runtime":77}}