{"_runtime":173.979183709,"_step":0,"_wandb":{"runtime":174},"regret":60.42349999999999,"temperature":0.11587741217980602,"alpha":0.4960806417867698,"_timestamp":1.7431133801137714e+09}