{"_runtime":19.222807531,"_step":0,"regret":0.30344479999999996,"epsilon":0.05952048635116901,"alpha":0.28378436374637817,"_timestamp":1.7430469098150165e+09,"_wandb":{"runtime":19}}