{"_runtime":22.271325457,"_step":0,"_wandb":{"runtime":22},"regret":0.2868164000000001,"epsilon":0.03417954331584602,"alpha":0.3336780327014522,"_timestamp":1.7430478989714527e+09}