{"regret":1.3305514,"temperature":0.5451626794594193,"alpha":0.17960976891578626,"_timestamp":1.7430462388539727e+09,"_runtime":27.351328623,"_step":0,"_wandb":{"runtime":27}}