{"_runtime":92.1324582,"_wandb":{"runtime":92},"_step":0,"regret":146.92540000000002,"alpha":0.2359260241812734,"temperature":0.6519275294157139,"_timestamp":1.7431778459213622e+09}