{"epsilon":0.10074980228400496,"_timestamp":1.7431656990522509e+09,"_runtime":83.234917834,"_step":0,"_wandb":{"runtime":83},"regret":99.4445,"alpha":0.2054598145216344}